artist_name,artist_id,track_name,track_id,track_popularity,track_url
Sam Smith,2wY79sveU1sp5g7SokKOiI,I'm Not The Only One,7795WJLVKJoAyVoOtCWqXN,83,https://api.spotify.com/v1/tracks/7795WJLVKJoAyVoOtCWqXN
Sam Smith,2wY79sveU1sp5g7SokKOiI,Stay With Me,5Nm9ERjJZ5oyfXZTECKmRt,81,https://api.spotify.com/v1/tracks/5Nm9ERjJZ5oyfXZTECKmRt
Sam Smith,2wY79sveU1sp5g7SokKOiI,Too Good At Goodbyes,1mXVgsBdtIVeCLJnSnmtdV,79,https://api.spotify.com/v1/tracks/1mXVgsBdtIVeCLJnSnmtdV
Sam Smith,2wY79sveU1sp5g7SokKOiI,Like I Can,2TeLIzFBe3hxkPR5FIQZut,79,https://api.spotify.com/v1/tracks/2TeLIzFBe3hxkPR5FIQZut
Sam Smith,2wY79sveU1sp5g7SokKOiI,Love Me More,16MQETUgqXwY4lZcyRafU3,77,https://api.spotify.com/v1/tracks/16MQETUgqXwY4lZcyRafU3
Sam Smith,2wY79sveU1sp5g7SokKOiI,Fire On Fire,7t3Xdbufg7q2onVsR8RBdY,75,https://api.spotify.com/v1/tracks/7t3Xdbufg7q2onVsR8RBdY
Sam Smith,2wY79sveU1sp5g7SokKOiI,Dancing With A Stranger (with Normani),3xgT3xIlFGqZjYW9QlhJWp,73,https://api.spotify.com/v1/tracks/3xgT3xIlFGqZjYW9QlhJWp
Sam Smith,2wY79sveU1sp5g7SokKOiI,How Do You Sleep?,34pRqzRiFcIuyRMuuEayzY,65,https://api.spotify.com/v1/tracks/34pRqzRiFcIuyRMuuEayzY
Doja Cat,5cj0lLjcoR7YOSnhnX0Po5,Vegas (From the Original Motion Picture Soundtrack ELVIS),0hquQWY3xvYqN4qtiquniF,90,https://api.spotify.com/v1/tracks/0hquQWY3xvYqN4qtiquniF
Doja Cat,5cj0lLjcoR7YOSnhnX0Po5,Woman,6Uj1ctrBOjOas8xZXGqKk4,89,https://api.spotify.com/v1/tracks/6Uj1ctrBOjOas8xZXGqKk4
Doja Cat,5cj0lLjcoR7YOSnhnX0Po5,Need to Know,3Vi5XqYrmQgOYBajMWSvCi,85,https://api.spotify.com/v1/tracks/3Vi5XqYrmQgOYBajMWSvCi
Doja Cat,5cj0lLjcoR7YOSnhnX0Po5,You Right,0k4d5YPDr1r7FX77VdqWez,83,https://api.spotify.com/v1/tracks/0k4d5YPDr1r7FX77VdqWez
Doja Cat,5cj0lLjcoR7YOSnhnX0Po5,Kiss Me More (feat. SZA),3DarAbFujv6eYNliUTyqtz,81,https://api.spotify.com/v1/tracks/3DarAbFujv6eYNliUTyqtz
Doja Cat,5cj0lLjcoR7YOSnhnX0Po5,Streets,60ynsPSSKe6O3sfwRnIBRf,82,https://api.spotify.com/v1/tracks/60ynsPSSKe6O3sfwRnIBRf
Doja Cat,5cj0lLjcoR7YOSnhnX0Po5,Get Into It (Yuh),0W6I02J9xcqK8MtSeosEXb,81,https://api.spotify.com/v1/tracks/0W6I02J9xcqK8MtSeosEXb
Doja Cat,5cj0lLjcoR7YOSnhnX0Po5,Ain't Shit,5lAnYvAIkSDNXqfo7DyFUm,80,https://api.spotify.com/v1/tracks/5lAnYvAIkSDNXqfo7DyFUm
Joji,3MZsBdqDrRTJihTHQrO6Dq,Glimpse of Us,6xGruZOHLs39ZbVccQTuPZ,96,https://api.spotify.com/v1/tracks/6xGruZOHLs39ZbVccQTuPZ
Joji,3MZsBdqDrRTJihTHQrO6Dq,SLOW DANCING IN THE DARK,0rKtyWc8bvkriBthvHKY8d,85,https://api.spotify.com/v1/tracks/0rKtyWc8bvkriBthvHKY8d
Joji,3MZsBdqDrRTJihTHQrO6Dq,YEAH RIGHT,1VGzxJnVQND7Cg5H5wGj14,80,https://api.spotify.com/v1/tracks/1VGzxJnVQND7Cg5H5wGj14
Joji,3MZsBdqDrRTJihTHQrO6Dq,worldstar money (interlude),0baNzeUcPQnQSagpe8T0mD,79,https://api.spotify.com/v1/tracks/0baNzeUcPQnQSagpe8T0mD
Joji,3MZsBdqDrRTJihTHQrO6Dq,Sanctuary,5F1ZmucV0uJY14y2dYKePa,75,https://api.spotify.com/v1/tracks/5F1ZmucV0uJY14y2dYKePa
Joji,3MZsBdqDrRTJihTHQrO6Dq,Will He,7wvwXi9Z66dcH5t202vVkN,74,https://api.spotify.com/v1/tracks/7wvwXi9Z66dcH5t202vVkN
Joji,3MZsBdqDrRTJihTHQrO6Dq,Like You Do,3xo4Q43ei0ypZOvd2W1IqZ,69,https://api.spotify.com/v1/tracks/3xo4Q43ei0ypZOvd2W1IqZ
Joji,3MZsBdqDrRTJihTHQrO6Dq,Daylight,6Ed1q0X8oSKSm4IIhiQbYg,73,https://api.spotify.com/v1/tracks/6Ed1q0X8oSKSm4IIhiQbYg
88rising,1AhjOkOLkbHUfcHDSErXQs,Midsummer Madness,6TodWdTSDfzwgYynTZSvJn,72,https://api.spotify.com/v1/tracks/6TodWdTSDfzwgYynTZSvJn
Kendrick Lamar,2YZyLoL8N0Wb9xBt1NhZWg,N95,0fX4oNGBWO3dSGUZcVdVV2,84,https://api.spotify.com/v1/tracks/0fX4oNGBWO3dSGUZcVdVV2
Kendrick Lamar,2YZyLoL8N0Wb9xBt1NhZWg,Die Hard,2g6tReTlM2Akp41g0HaeXN,83,https://api.spotify.com/v1/tracks/2g6tReTlM2Akp41g0HaeXN
Kendrick Lamar,2YZyLoL8N0Wb9xBt1NhZWg,HUMBLE.,7KXjTSCq5nL1LoYtL7XAwS,82,https://api.spotify.com/v1/tracks/7KXjTSCq5nL1LoYtL7XAwS
Kendrick Lamar,2YZyLoL8N0Wb9xBt1NhZWg,All The Stars (with SZA),3GCdLUSnKSMJhs4Tj6CV3s,82,https://api.spotify.com/v1/tracks/3GCdLUSnKSMJhs4Tj6CV3s
Kendrick Lamar,2YZyLoL8N0Wb9xBt1NhZWg,LOVE. FEAT. ZACARI.,6PGoSes0D9eUDeeAafB2As,81,https://api.spotify.com/v1/tracks/6PGoSes0D9eUDeeAafB2As
Kendrick Lamar,2YZyLoL8N0Wb9xBt1NhZWg,Rich Spirit,1QPreu0BNOrUfEb8HTd2qG,79,https://api.spotify.com/v1/tracks/1QPreu0BNOrUfEb8HTd2qG
Kendrick Lamar,2YZyLoL8N0Wb9xBt1NhZWg,PRIDE.,6IZvVAP7VPPnsGX6bvgkqg,79,https://api.spotify.com/v1/tracks/6IZvVAP7VPPnsGX6bvgkqg
Kendrick Lamar,2YZyLoL8N0Wb9xBt1NhZWg,Silent Hill,3lzUeaCbcCDB5IXYfqWRlF,79,https://api.spotify.com/v1/tracks/3lzUeaCbcCDB5IXYfqWRlF
Kendrick Lamar,2YZyLoL8N0Wb9xBt1NhZWg,DNA.,6HZILIRieu8S0iqY8kIKhj,79,https://api.spotify.com/v1/tracks/6HZILIRieu8S0iqY8kIKhj
Soft Lipa,3Xp3DA50zRP4TYOtNR7k1T,關於小熊,13tJ9Mkj7cjXxrTjOh0LAN,47,https://api.spotify.com/v1/tracks/13tJ9Mkj7cjXxrTjOh0LAN
Soft Lipa,3Xp3DA50zRP4TYOtNR7k1T,收斂水,10EbcvamEVm3t32nUj8lX1,44,https://api.spotify.com/v1/tracks/10EbcvamEVm3t32nUj8lX1
Soft Lipa,3Xp3DA50zRP4TYOtNR7k1T,偷偷,2PkWIxSiFjTiCUZrtDWqoz,43,https://api.spotify.com/v1/tracks/2PkWIxSiFjTiCUZrtDWqoz
Soft Lipa,3Xp3DA50zRP4TYOtNR7k1T,史詩,6i2oWpLh1Bt8F5BVaiyHmr,43,https://api.spotify.com/v1/tracks/6i2oWpLh1Bt8F5BVaiyHmr
Soft Lipa,3Xp3DA50zRP4TYOtNR7k1T,過程,3dBd4ZCkpr1NPOaTXSZY3W,42,https://api.spotify.com/v1/tracks/3dBd4ZCkpr1NPOaTXSZY3W
Soft Lipa,3Xp3DA50zRP4TYOtNR7k1T,I Want You,7Mlo3IR7Vz6GDrC9733KRz,40,https://api.spotify.com/v1/tracks/7Mlo3IR7Vz6GDrC9733KRz
Soft Lipa,3Xp3DA50zRP4TYOtNR7k1T,Hit the Rhyme,49gm0W9gCb9dSaFZQYJQsh,38,https://api.spotify.com/v1/tracks/49gm0W9gCb9dSaFZQYJQsh
Soft Lipa,3Xp3DA50zRP4TYOtNR7k1T,噓,6GmRxBfE68sxJBRcMsKvtU,38,https://api.spotify.com/v1/tracks/6GmRxBfE68sxJBRcMsKvtU
Soft Lipa,3Xp3DA50zRP4TYOtNR7k1T,少年維持著煩惱,300O5aB8IWTCGL2xIfx2xq,38,https://api.spotify.com/v1/tracks/300O5aB8IWTCGL2xIfx2xq
JVKE,164Uj4eKjl6zTBKfJLFKKK,this is what falling in love feels like,4UG2Fm0E98LhE2dlNxiAXx,83,https://api.spotify.com/v1/tracks/4UG2Fm0E98LhE2dlNxiAXx
JVKE,164Uj4eKjl6zTBKfJLFKKK,golden hour,6GD1eomgaGT1Epto6Q5eAo,74,https://api.spotify.com/v1/tracks/6GD1eomgaGT1Epto6Q5eAo
JVKE,164Uj4eKjl6zTBKfJLFKKK,this is what heartbreak feels like,33aLws184a7SVqraKuDqI3,73,https://api.spotify.com/v1/tracks/33aLws184a7SVqraKuDqI3
JVKE,164Uj4eKjl6zTBKfJLFKKK,this is what falling in love feels like - Leon Leiden Remix,60DkG4mCA52rUUXz0F0wNi,69,https://api.spotify.com/v1/tracks/60DkG4mCA52rUUXz0F0wNi
JVKE,164Uj4eKjl6zTBKfJLFKKK,Upside Down,5TpvLkESnw1g9wDz52efeO,65,https://api.spotify.com/v1/tracks/5TpvLkESnw1g9wDz52efeO
JVKE,164Uj4eKjl6zTBKfJLFKKK,anxiety.,4UN1cxXIlQhmOWXhEkrBqu,62,https://api.spotify.com/v1/tracks/4UN1cxXIlQhmOWXhEkrBqu
JVKE,164Uj4eKjl6zTBKfJLFKKK,this is what falling in love feels like - R3HAB Remix,1oUisglJjlTLsSd9OFqSf2,58,https://api.spotify.com/v1/tracks/1oUisglJjlTLsSd9OFqSf2
Sergei Rachmaninoff,0Kekt6CKSo0m5mivKcoH51,"12 Songs, Op. 21: V. Lilacs (Transcr. Rachmaninoff for Solo Piano)",4ObQ0m7VUtrgdEwpFeCKua,57,https://api.spotify.com/v1/tracks/4ObQ0m7VUtrgdEwpFeCKua
Sergei Rachmaninoff,0Kekt6CKSo0m5mivKcoH51,"Piano Concerto No. 2 in C Minor, Op. 18: 2. Adagio sostenuto",4rrrn8OLrttq7r9RgNXalU,57,https://api.spotify.com/v1/tracks/4rrrn8OLrttq7r9RgNXalU
Sergei Rachmaninoff,0Kekt6CKSo0m5mivKcoH51,"Zdes' khorosho ('How Fair This Spot'), Op. 21, No. 7",0wZMPhztIsuwSjCo6OalWe,53,https://api.spotify.com/v1/tracks/0wZMPhztIsuwSjCo6OalWe
Sergei Rachmaninoff,0Kekt6CKSo0m5mivKcoH51,"Rhapsody on a Theme of Paganini, Op. 43: Variation No. 18 Andante cantabile",419qlOGNXoyICx4jO0hqaj,53,https://api.spotify.com/v1/tracks/419qlOGNXoyICx4jO0hqaj
Sergei Rachmaninoff,0Kekt6CKSo0m5mivKcoH51,"Vocalise, Op.34, No.14",0H3JiNc4CGnFVwMqWvACmO,48,https://api.spotify.com/v1/tracks/0H3JiNc4CGnFVwMqWvACmO
Sergei Rachmaninoff,0Kekt6CKSo0m5mivKcoH51,"Rachmaninov: Rhapsody on a Theme of Paganini, Op. 43: Variation XVIII. Andante cantabile",1faDVN6hdbj0rQXOP5Cflf,30,https://api.spotify.com/v1/tracks/1faDVN6hdbj0rQXOP5Cflf
Sergei Rachmaninoff,0Kekt6CKSo0m5mivKcoH51,"Rhapsody On a Theme of Paganini, Op. 43: V. Variation XVIII",7EcjtjNYDhQ82yCQZU0Z9C,47,https://api.spotify.com/v1/tracks/7EcjtjNYDhQ82yCQZU0Z9C
Sergei Rachmaninoff,0Kekt6CKSo0m5mivKcoH51,"Preghiera (Arr. by Fritz Kreisler from Piano Concerto No. 2 in C Minor, Op. 18, 2nd Movement)",2buQqAGeQDkkUySsKyoDQJ,46,https://api.spotify.com/v1/tracks/2buQqAGeQDkkUySsKyoDQJ
Cuco,2Tglaf8nvDzwSQnpSrjLHP,Lover Is a Day,76tGvMdmFKuiMew33ZNNA9,74,https://api.spotify.com/v1/tracks/76tGvMdmFKuiMew33ZNNA9
Cuco,2Tglaf8nvDzwSQnpSrjLHP,Lo Que Siento,3oyf4dalm17kzTE8LJDbgR,74,https://api.spotify.com/v1/tracks/3oyf4dalm17kzTE8LJDbgR
Cuco,2Tglaf8nvDzwSQnpSrjLHP,Piel Canela,7qBT9qcbtkLqrfm9LiTNB4,73,https://api.spotify.com/v1/tracks/7qBT9qcbtkLqrfm9LiTNB4
Cuco,2Tglaf8nvDzwSQnpSrjLHP,Bossa No Sé (feat. Jean Carter),3kEsMLO3qUUwiXeCndsMIb,68,https://api.spotify.com/v1/tracks/3kEsMLO3qUUwiXeCndsMIb
Cuco,2Tglaf8nvDzwSQnpSrjLHP,Amor de Siempre,6VZg3YsN5kKBwz39fPcIM1,68,https://api.spotify.com/v1/tracks/6VZg3YsN5kKBwz39fPcIM1
Cuco,2Tglaf8nvDzwSQnpSrjLHP,Dontmakemefallinlove,6zHyWsqTzT6Fympdy9KQDQ,66,https://api.spotify.com/v1/tracks/6zHyWsqTzT6Fympdy9KQDQ
Cuco,2Tglaf8nvDzwSQnpSrjLHP,Sitting In The Corner (feat. Adriel Favela & Kacey Musgraves),1Cx5pTBRWI67JXVmMGJT23,64,https://api.spotify.com/v1/tracks/1Cx5pTBRWI67JXVmMGJT23
Cuco,2Tglaf8nvDzwSQnpSrjLHP,Do Better,3hMvsYZjU1pFH0xoywKXA9,64,https://api.spotify.com/v1/tracks/3hMvsYZjU1pFH0xoywKXA9
Cuco,2Tglaf8nvDzwSQnpSrjLHP,Summer Time High Time,7t5MUcFIIayP1M6TNhtWE0,61,https://api.spotify.com/v1/tracks/7t5MUcFIIayP1M6TNhtWE0
Duke & Jones,3jNm5wvIx1eR5NDdXhMkNV,Jiggle Jiggle,1I4lCSP69P74nU3a6Su5L2,80,https://api.spotify.com/v1/tracks/1I4lCSP69P74nU3a6Su5L2
Jason Derulo,07YZf4WDAMNwqr4jfgOZ8y,Jiggle Jiggle (Jason Derulo x Duke & Jones x Louis Theroux x Amelia Dimz),332xSCN5xTnJYnuyobZmy7,61,https://api.spotify.com/v1/tracks/332xSCN5xTnJYnuyobZmy7
Duke & Jones,3jNm5wvIx1eR5NDdXhMkNV,Trenches,6s4T0UEJs5kX6EsEjvfXpw,51,https://api.spotify.com/v1/tracks/6s4T0UEJs5kX6EsEjvfXpw
Duke & Jones,3jNm5wvIx1eR5NDdXhMkNV,This Could Be - Chill Mix,1fMh032FtBwJDk1iGurH9Y,47,https://api.spotify.com/v1/tracks/1fMh032FtBwJDk1iGurH9Y
Duke & Jones,3jNm5wvIx1eR5NDdXhMkNV,Jiggle Jiggle - Kideko Remix,0XGR13jGzZ68T6R0PVmQFH,47,https://api.spotify.com/v1/tracks/0XGR13jGzZ68T6R0PVmQFH
Duke & Jones,3jNm5wvIx1eR5NDdXhMkNV,Above The Tide,6LKpiaIF8jCAGj8W96WNQr,47,https://api.spotify.com/v1/tracks/6LKpiaIF8jCAGj8W96WNQr
Duke & Jones,3jNm5wvIx1eR5NDdXhMkNV,Active,7jcP7f7Gol3IS01nfj7zbG,46,https://api.spotify.com/v1/tracks/7jcP7f7Gol3IS01nfj7zbG
Duke & Jones,3jNm5wvIx1eR5NDdXhMkNV,Vertigo,6CGfrHc7vZErPVKO12Coj6,44,https://api.spotify.com/v1/tracks/6CGfrHc7vZErPVKO12Coj6
Childish Gambino,73sIBHcqh3Z3NyqHKZ7FOL,Me and Your Mama,31tf1qEai5o5f4r66Kd0pU,84,https://api.spotify.com/v1/tracks/31tf1qEai5o5f4r66Kd0pU
Childish Gambino,73sIBHcqh3Z3NyqHKZ7FOL,Redbone,0wXuerDYiBnERgIpbb3JBR,83,https://api.spotify.com/v1/tracks/0wXuerDYiBnERgIpbb3JBR
Childish Gambino,73sIBHcqh3Z3NyqHKZ7FOL,3005,2ZltjIqztEpZtafc8w0I9t,78,https://api.spotify.com/v1/tracks/2ZltjIqztEpZtafc8w0I9t
Childish Gambino,73sIBHcqh3Z3NyqHKZ7FOL,Les,0mCVNGC4Vvb6gDDQrDpaRh,76,https://api.spotify.com/v1/tracks/0mCVNGC4Vvb6gDDQrDpaRh
Childish Gambino,73sIBHcqh3Z3NyqHKZ7FOL,Feels Like Summer,7p4vHnYXkxlzvfePJVpcTr,72,https://api.spotify.com/v1/tracks/7p4vHnYXkxlzvfePJVpcTr
Childish Gambino,73sIBHcqh3Z3NyqHKZ7FOL,Heartbeat,3WWAvWDBQANpJeNbvVbjMg,71,https://api.spotify.com/v1/tracks/3WWAvWDBQANpJeNbvVbjMg
Childish Gambino,73sIBHcqh3Z3NyqHKZ7FOL,Bonfire,799f6Ih1Pu4AUApMyXhxUc,70,https://api.spotify.com/v1/tracks/799f6Ih1Pu4AUApMyXhxUc
Childish Gambino,73sIBHcqh3Z3NyqHKZ7FOL,Sober,5NhlpQ6BOIz3S5welptk1W,70,https://api.spotify.com/v1/tracks/5NhlpQ6BOIz3S5welptk1W
Childish Gambino,73sIBHcqh3Z3NyqHKZ7FOL,This Is America,0b9oOr2ZgvyQu88wzixux9,70,https://api.spotify.com/v1/tracks/0b9oOr2ZgvyQu88wzixux9
Ama Lou,2tAqnHDAgnGtjnlzyoa38L,Same Old Ways,4kgKjHMIDWri9XHjyxSbpy,57,https://api.spotify.com/v1/tracks/4kgKjHMIDWri9XHjyxSbpy
Ama Lou,2tAqnHDAgnGtjnlzyoa38L,NORTHSIDE,01HGXW27UXeMWa8Eglzgcf,56,https://api.spotify.com/v1/tracks/01HGXW27UXeMWa8Eglzgcf
Ama Lou,2tAqnHDAgnGtjnlzyoa38L,Trust Nobody,7ceXCl3ndsTFrH60P1c0io,54,https://api.spotify.com/v1/tracks/7ceXCl3ndsTFrH60P1c0io
Ama Lou,2tAqnHDAgnGtjnlzyoa38L,Tried Up,1xXk9IMrUPwqpOXXTk7sCt,47,https://api.spotify.com/v1/tracks/1xXk9IMrUPwqpOXXTk7sCt
Ama Lou,2tAqnHDAgnGtjnlzyoa38L,Talk Quiet,7sdWbnUGRzpWJmupEpXJiP,44,https://api.spotify.com/v1/tracks/7sdWbnUGRzpWJmupEpXJiP
Ama Lou,2tAqnHDAgnGtjnlzyoa38L,All I Can Say,7FSaklAKEXjV6HCoOhFDYR,44,https://api.spotify.com/v1/tracks/7FSaklAKEXjV6HCoOhFDYR
Ama Lou,2tAqnHDAgnGtjnlzyoa38L,This Town,3reHllSvAJyGwahWW4pdju,44,https://api.spotify.com/v1/tracks/3reHllSvAJyGwahWW4pdju
Ama Lou,2tAqnHDAgnGtjnlzyoa38L,Better,4W1HsvmcGtusNPyqdVOqaV,42,https://api.spotify.com/v1/tracks/4W1HsvmcGtusNPyqdVOqaV
Ama Lou,2tAqnHDAgnGtjnlzyoa38L,Wire,0jJOVtwAT6gpldYt3p6KhE,42,https://api.spotify.com/v1/tracks/0jJOVtwAT6gpldYt3p6KhE
Justin Bieber,1uNFoZAHBGtllmzznpCI3s,Peaches (feat. Daniel Caesar & Giveon),4iJyoBOLtHqaGxP12qzhQI,86,https://api.spotify.com/v1/tracks/4iJyoBOLtHqaGxP12qzhQI
Giveon,4fxd5Ee7UefO4CUXgwJ7IP,Heartbreak Anniversary,3FAJ6O0NOHQV8Mc5Ri6ENp,83,https://api.spotify.com/v1/tracks/3FAJ6O0NOHQV8Mc5Ri6ENp
Giveon,4fxd5Ee7UefO4CUXgwJ7IP,Lost Me,6TSO4hwz9WGrEUY7ABGVim,79,https://api.spotify.com/v1/tracks/6TSO4hwz9WGrEUY7ABGVim
Giveon,4fxd5Ee7UefO4CUXgwJ7IP,Like I Want You,6qBFSepqLCuh5tehehc1bd,76,https://api.spotify.com/v1/tracks/6qBFSepqLCuh5tehehc1bd
Giveon,4fxd5Ee7UefO4CUXgwJ7IP,For Tonight,1TlTzdsEpgfsmbuNfYmWfG,72,https://api.spotify.com/v1/tracks/1TlTzdsEpgfsmbuNfYmWfG
Giveon,4fxd5Ee7UefO4CUXgwJ7IP,Scarred,5PSYn0XVImstXPFFDtajEK,71,https://api.spotify.com/v1/tracks/5PSYn0XVImstXPFFDtajEK
Giveon,4fxd5Ee7UefO4CUXgwJ7IP,Make You Mine,7r1MqPAD09w24mCUUbxiCI,71,https://api.spotify.com/v1/tracks/7r1MqPAD09w24mCUUbxiCI
Justin Bieber,1uNFoZAHBGtllmzznpCI3s,Ghost,6I3mqTwhRpn34SLVafSH7G,89,https://api.spotify.com/v1/tracks/6I3mqTwhRpn34SLVafSH7G
Justin Bieber,1uNFoZAHBGtllmzznpCI3s,Love Yourself,50kpGaPAhYJ3sGmk6vplg0,83,https://api.spotify.com/v1/tracks/50kpGaPAhYJ3sGmk6vplg0
Justin Bieber,1uNFoZAHBGtllmzznpCI3s,Baby,6epn3r7S14KUqlReYr77hA,81,https://api.spotify.com/v1/tracks/6epn3r7S14KUqlReYr77hA
Justin Bieber,1uNFoZAHBGtllmzznpCI3s,Sorry,09CtPGIpYB4BrO8qb1RGsF,80,https://api.spotify.com/v1/tracks/09CtPGIpYB4BrO8qb1RGsF
Justin Bieber,1uNFoZAHBGtllmzznpCI3s,Hold On,1nahzW3kfMuwReTka28tH5,78,https://api.spotify.com/v1/tracks/1nahzW3kfMuwReTka28tH5
Jon Batiste,0eRbECAGCLLiTyVXPBRexU,FREEDOM,2JHHXGSC6Ra3IJOBNLbhS6,39,https://api.spotify.com/v1/tracks/2JHHXGSC6Ra3IJOBNLbhS6
Jon Batiste,0eRbECAGCLLiTyVXPBRexU,"It's All Right - From ""Soul""/Soundtrack Version",1XmdReQRsXwlXs62EELp5S,45,https://api.spotify.com/v1/tracks/1XmdReQRsXwlXs62EELp5S
Jon Batiste,0eRbECAGCLLiTyVXPBRexU,I NEED YOU,0zZxNUuYI4mIjhA6OE6amf,31,https://api.spotify.com/v1/tracks/0zZxNUuYI4mIjhA6OE6amf
Jon Batiste,0eRbECAGCLLiTyVXPBRexU,Sweet - Single Edit,7uYpvX8Gb7CUubdJcRt8E0,55,https://api.spotify.com/v1/tracks/7uYpvX8Gb7CUubdJcRt8E0
Jon Batiste,0eRbECAGCLLiTyVXPBRexU,CRY,5EqHA3fTPCSLJDtUIqQySl,30,https://api.spotify.com/v1/tracks/5EqHA3fTPCSLJDtUIqQySl
Jon Batiste,0eRbECAGCLLiTyVXPBRexU,ADULTHOOD,2xsqmGbhmZwsQMboHQ9jca,29,https://api.spotify.com/v1/tracks/2xsqmGbhmZwsQMboHQ9jca
Jon Batiste,0eRbECAGCLLiTyVXPBRexU,SING,6x9CsGaWqqtaggNYelyWO5,48,https://api.spotify.com/v1/tracks/6x9CsGaWqqtaggNYelyWO5
Jon Batiste,0eRbECAGCLLiTyVXPBRexU,It's All Right,6XWBDQ4urerE3ekhoYdnT4,18,https://api.spotify.com/v1/tracks/6XWBDQ4urerE3ekhoYdnT4
PSY,2dd5mrQZvg6SmahdgVKDzh,That That (prod. & feat. SUGA of BTS),7GNRUsU3M4XNDDB9xle5Dz,80,https://api.spotify.com/v1/tracks/7GNRUsU3M4XNDDB9xle5Dz
PSY,2dd5mrQZvg6SmahdgVKDzh,Gangnam Style (강남스타일),03UrZgTINDqvnUMbbIMhql,73,https://api.spotify.com/v1/tracks/03UrZgTINDqvnUMbbIMhql
PSY,2dd5mrQZvg6SmahdgVKDzh,DADDY,1eMVXXpNPEUdFRy5ZH7FpM,62,https://api.spotify.com/v1/tracks/1eMVXXpNPEUdFRy5ZH7FpM
PSY,2dd5mrQZvg6SmahdgVKDzh,Gentleman,5JlfrE9buCY1AB18sO5IdG,40,https://api.spotify.com/v1/tracks/5JlfrE9buCY1AB18sO5IdG
PSY,2dd5mrQZvg6SmahdgVKDzh,New Face,25YgkxnU4UzEG4ORni69Rw,58,https://api.spotify.com/v1/tracks/25YgkxnU4UzEG4ORni69Rw
PSY,2dd5mrQZvg6SmahdgVKDzh,GANJI (feat. Jessi),5INgNRiLfTyTGTXt3eIr2r,52,https://api.spotify.com/v1/tracks/5INgNRiLfTyTGTXt3eIr2r
PSY,2dd5mrQZvg6SmahdgVKDzh,Celeb,3OLrkewJ2oQ1MQjUdEDfY5,50,https://api.spotify.com/v1/tracks/3OLrkewJ2oQ1MQjUdEDfY5
PSY,2dd5mrQZvg6SmahdgVKDzh,Now (feat. Hwa Sa),77agEdLYGWCAhSmwtkPlCs,50,https://api.spotify.com/v1/tracks/77agEdLYGWCAhSmwtkPlCs
PSY,2dd5mrQZvg6SmahdgVKDzh,I LUV IT,0sEWGO1ajAmgln6B4lkuKb,47,https://api.spotify.com/v1/tracks/0sEWGO1ajAmgln6B4lkuKb
Harry Styles,6KImCVD70vtIoJWnq6nGn3,As It Was,4Dvkj6JhhA12EX05fT7y2e,93,https://api.spotify.com/v1/tracks/4Dvkj6JhhA12EX05fT7y2e
Harry Styles,6KImCVD70vtIoJWnq6nGn3,Late Night Talking,1qEmFfgcLObUfQm0j1W2CK,92,https://api.spotify.com/v1/tracks/1qEmFfgcLObUfQm0j1W2CK
Harry Styles,6KImCVD70vtIoJWnq6nGn3,Watermelon Sugar,6UelLqGlWMcVH1E5c4H7lY,89,https://api.spotify.com/v1/tracks/6UelLqGlWMcVH1E5c4H7lY
Harry Styles,6KImCVD70vtIoJWnq6nGn3,Music For a Sushi Restaurant,5LYMamLv12UPbemOaTPyeV,87,https://api.spotify.com/v1/tracks/5LYMamLv12UPbemOaTPyeV
Harry Styles,6KImCVD70vtIoJWnq6nGn3,Matilda,6uvh0In7u1Xn4HgxOfAn8O,86,https://api.spotify.com/v1/tracks/6uvh0In7u1Xn4HgxOfAn8O
Harry Styles,6KImCVD70vtIoJWnq6nGn3,Daylight,51Zw1cKDgkad0CXv23HCMU,85,https://api.spotify.com/v1/tracks/51Zw1cKDgkad0CXv23HCMU
Harry Styles,6KImCVD70vtIoJWnq6nGn3,Adore You,3jjujdWJ72nww5eGnfs2E7,85,https://api.spotify.com/v1/tracks/3jjujdWJ72nww5eGnfs2E7
Harry Styles,6KImCVD70vtIoJWnq6nGn3,Little Freak,3i058E8uxTsYqJ5NWZzqSj,84,https://api.spotify.com/v1/tracks/3i058E8uxTsYqJ5NWZzqSj
Harry Styles,6KImCVD70vtIoJWnq6nGn3,Satellite,0rzaRSujxA0bKyjJl6vHYq,84,https://api.spotify.com/v1/tracks/0rzaRSujxA0bKyjJl6vHYq
J. Cole,6l3HvQ5sa6mXTsMTB19rO5,No Role Modelz,68Dni7IE4VyPkTOH9mRWHr,87,https://api.spotify.com/v1/tracks/68Dni7IE4VyPkTOH9mRWHr
J. Cole,6l3HvQ5sa6mXTsMTB19rO5,Wet Dreamz,4tqcoej1zPvwePZCzuAjJd,83,https://api.spotify.com/v1/tracks/4tqcoej1zPvwePZCzuAjJd
J. Cole,6l3HvQ5sa6mXTsMTB19rO5,She Knows (feat. Amber Coffman & Cults),0Fs9cdPDhptWEDJmiCbkEW,82,https://api.spotify.com/v1/tracks/0Fs9cdPDhptWEDJmiCbkEW
J. Cole,6l3HvQ5sa6mXTsMTB19rO5,Work Out,2wAJTrFhCnQyNSD3oUgTZO,80,https://api.spotify.com/v1/tracks/2wAJTrFhCnQyNSD3oUgTZO
J. Cole,6l3HvQ5sa6mXTsMTB19rO5,MIDDLE CHILD,2JvzF1RMd7lE3KmFlsyZD8,79,https://api.spotify.com/v1/tracks/2JvzF1RMd7lE3KmFlsyZD8
J. Cole,6l3HvQ5sa6mXTsMTB19rO5,p r i d e . i s . t h e . d e v i l (with Lil Baby),5W8jRrZ6tWrTrqnKRtIQBf,78,https://api.spotify.com/v1/tracks/5W8jRrZ6tWrTrqnKRtIQBf
J. Cole,6l3HvQ5sa6mXTsMTB19rO5,m y . l i f e (with 21 Savage & Morray),1D3z6HTiQsNmZxjl7F7eoG,78,https://api.spotify.com/v1/tracks/1D3z6HTiQsNmZxjl7F7eoG
J. Cole,6l3HvQ5sa6mXTsMTB19rO5,Power Trip (feat. Miguel),2uwnP6tZVVmTovzX5ELooy,76,https://api.spotify.com/v1/tracks/2uwnP6tZVVmTovzX5ELooy
Jason Derulo,07YZf4WDAMNwqr4jfgOZ8y,Acapulco,3eJH2nAjvNXdmPfBkALiPZ,81,https://api.spotify.com/v1/tracks/3eJH2nAjvNXdmPfBkALiPZ
Jason Derulo,07YZf4WDAMNwqr4jfgOZ8y,Take You Dancing,59qrUpoplZxbIZxk6X0Bm3,78,https://api.spotify.com/v1/tracks/59qrUpoplZxbIZxk6X0Bm3
Jason Derulo,07YZf4WDAMNwqr4jfgOZ8y,Swalla (feat. Nicki Minaj & Ty Dolla $ign),6kex4EBAj0WHXDKZMEJaaF,76,https://api.spotify.com/v1/tracks/6kex4EBAj0WHXDKZMEJaaF
Jason Derulo,07YZf4WDAMNwqr4jfgOZ8y,Want to Want Me,7oGZAicScQt96OAW4AruYy,75,https://api.spotify.com/v1/tracks/7oGZAicScQt96OAW4AruYy
Jason Derulo,07YZf4WDAMNwqr4jfgOZ8y,Love Not War (The Tampa Beat),4Lt6GXGzYsa1tgkv3nGSTm,71,https://api.spotify.com/v1/tracks/4Lt6GXGzYsa1tgkv3nGSTm
The Streets,4GvOygVQquMaPm8oAc0vXi,Fit but You Know It,312A8WfROSLvZbMDHBUPDp,59,https://api.spotify.com/v1/tracks/312A8WfROSLvZbMDHBUPDp
The Streets,4GvOygVQquMaPm8oAc0vXi,Has It Come to This?,35zEswqAFI1D41cmoBXOFK,54,https://api.spotify.com/v1/tracks/35zEswqAFI1D41cmoBXOFK
The Streets,4GvOygVQquMaPm8oAc0vXi,Blinded by the Lights,6DoenX36UcAKSp6wR9UKxM,54,https://api.spotify.com/v1/tracks/6DoenX36UcAKSp6wR9UKxM
The Streets,4GvOygVQquMaPm8oAc0vXi,Take Me As I Am,5UjccMIJkNhont0TGSU0iD,54,https://api.spotify.com/v1/tracks/5UjccMIJkNhont0TGSU0iD
The Streets,4GvOygVQquMaPm8oAc0vXi,Dry Your Eyes,3PEx44by2Pe7E6M8tgqE5N,53,https://api.spotify.com/v1/tracks/3PEx44by2Pe7E6M8tgqE5N
The Streets,4GvOygVQquMaPm8oAc0vXi,Don't Mug Yourself,2phF2CRhoSnpJUxxvHUf8Z,50,https://api.spotify.com/v1/tracks/2phF2CRhoSnpJUxxvHUf8Z
The Streets,4GvOygVQquMaPm8oAc0vXi,Brexit at Tiffany's,49BeIQzb05PWsS2YfSt87Q,49,https://api.spotify.com/v1/tracks/49BeIQzb05PWsS2YfSt87Q
The Streets,4GvOygVQquMaPm8oAc0vXi,Wrong Answers Only,4aHi701FKuFYj7QSeSEftV,48,https://api.spotify.com/v1/tracks/4aHi701FKuFYj7QSeSEftV
The Streets,4GvOygVQquMaPm8oAc0vXi,Turn the Page,42F4K181FFdhkbDAaoxDye,48,https://api.spotify.com/v1/tracks/42F4K181FFdhkbDAaoxDye
Victoria Monét,63XBtGSEZINSyXylZxEUbv,We Might Even Be Falling In Love (Interlude),4rCuwgRRKaIiHlHDc8Bga6,65,https://api.spotify.com/v1/tracks/4rCuwgRRKaIiHlHDc8Bga6
Victoria Monét,63XBtGSEZINSyXylZxEUbv,Coastin’,1IjeGPU5hqHlJpm00zObN7,65,https://api.spotify.com/v1/tracks/1IjeGPU5hqHlJpm00zObN7
Victoria Monét,63XBtGSEZINSyXylZxEUbv,Moment,6rSUrh8ErKSKfbH0t0IzCM,60,https://api.spotify.com/v1/tracks/6rSUrh8ErKSKfbH0t0IzCM
Victoria Monét,63XBtGSEZINSyXylZxEUbv,F.U.C.K.,0iDuW211AjTsYDPsLxyqX4,59,https://api.spotify.com/v1/tracks/0iDuW211AjTsYDPsLxyqX4
Victoria Monét,63XBtGSEZINSyXylZxEUbv,Experience,2oap3QptGISyIvwKpnJJId,59,https://api.spotify.com/v1/tracks/2oap3QptGISyIvwKpnJJId
Victoria Monét,63XBtGSEZINSyXylZxEUbv,Ass Like That,6YQmDvj6XVAKSPLzjjLrFj,58,https://api.spotify.com/v1/tracks/6YQmDvj6XVAKSPLzjjLrFj
Victoria Monét,63XBtGSEZINSyXylZxEUbv,Big Boss (Interlude),7EuktT4CgA637ci366IrYW,56,https://api.spotify.com/v1/tracks/7EuktT4CgA637ci366IrYW
Victoria Monét,63XBtGSEZINSyXylZxEUbv,Jaguar,6mnnWzRl1C6LABvoUar9tF,54,https://api.spotify.com/v1/tracks/6mnnWzRl1C6LABvoUar9tF
SZA,7tYKF4w9nC0nq9CsPZTHyP,Good Days,3YJJjQPAbDT7mGpX3WtQ9A,81,https://api.spotify.com/v1/tracks/3YJJjQPAbDT7mGpX3WtQ9A
SZA,7tYKF4w9nC0nq9CsPZTHyP,I Hate U,5dXWFMwD7I7zXsInONVl0H,78,https://api.spotify.com/v1/tracks/5dXWFMwD7I7zXsInONVl0H
SZA,7tYKF4w9nC0nq9CsPZTHyP,Broken Clocks,2fXwCWkh6YG5zU1IyvQrbs,76,https://api.spotify.com/v1/tracks/2fXwCWkh6YG5zU1IyvQrbs
SZA,7tYKF4w9nC0nq9CsPZTHyP,Love Galore (feat. Travis Scott),0q75NwOoFiARAVp4EXU4Bs,76,https://api.spotify.com/v1/tracks/0q75NwOoFiARAVp4EXU4Bs
SZA,7tYKF4w9nC0nq9CsPZTHyP,The Weekend,6gU9OKjOE7ghfEd55oRO57,73,https://api.spotify.com/v1/tracks/6gU9OKjOE7ghfEd55oRO57
SZA,7tYKF4w9nC0nq9CsPZTHyP,The Weekend - Funk Wav Remix,0P6AWOA4LG1XOctzaVu5tt,73,https://api.spotify.com/v1/tracks/0P6AWOA4LG1XOctzaVu5tt
David Tao,40tNK2YedBV2jRFAHxpifB,就是愛妳,73eCSQ1DxQbaOnzy8PhKx3,55,https://api.spotify.com/v1/tracks/73eCSQ1DxQbaOnzy8PhKx3
David Tao,40tNK2YedBV2jRFAHxpifB,"愛, 很簡單",3OXHwY8gI2QUh0QliXBwrI,55,https://api.spotify.com/v1/tracks/3OXHwY8gI2QUh0QliXBwrI
David Tao,40tNK2YedBV2jRFAHxpifB,愛我還是他,13bw75oRjvxMv9VGIeM32i,52,https://api.spotify.com/v1/tracks/13bw75oRjvxMv9VGIeM32i
David Tao,40tNK2YedBV2jRFAHxpifB,普通朋友,7CTitzr4eVIDCPUJi5Dr4B,52,https://api.spotify.com/v1/tracks/7CTitzr4eVIDCPUJi5Dr4B
David Tao,40tNK2YedBV2jRFAHxpifB,流沙,5ZZwQy1wofQhj7LJDNLflT,49,https://api.spotify.com/v1/tracks/5ZZwQy1wofQhj7LJDNLflT
David Tao,40tNK2YedBV2jRFAHxpifB,Melody,6A4wVKbcg0mRriCFjZzX0Z,48,https://api.spotify.com/v1/tracks/6A4wVKbcg0mRriCFjZzX0Z
David Tao,40tNK2YedBV2jRFAHxpifB,飛機場的10:30,0v2hRgvRSMnHsTSWyaoKbH,47,https://api.spotify.com/v1/tracks/0v2hRgvRSMnHsTSWyaoKbH
David Tao,40tNK2YedBV2jRFAHxpifB,天天,4rzTxZaFsTXQN54WimO4QU,47,https://api.spotify.com/v1/tracks/4rzTxZaFsTXQN54WimO4QU
Robert Schumann,2UqjDAXnDxejEyE0CzfUrZ,"Kinderszenen, Op. 15: Träumerei (Arr. Lewin for Guitar)",2Imxyb3LiuXsDFo7Gq5YDs,62,https://api.spotify.com/v1/tracks/2Imxyb3LiuXsDFo7Gq5YDs
Robert Schumann,2UqjDAXnDxejEyE0CzfUrZ,"Kinderszenen, Op. 15: No. 7 in F Major, Träumerei",18QVbIw5S0MJHGWF2qLX75,61,https://api.spotify.com/v1/tracks/18QVbIw5S0MJHGWF2qLX75
Robert Schumann,2UqjDAXnDxejEyE0CzfUrZ,"Kinderszenen, Op. 15: No. 1, Von fremden Ländern und Menschen",4vi9pBR7yJhBzGaNu0k1gj,55,https://api.spotify.com/v1/tracks/4vi9pBR7yJhBzGaNu0k1gj
Robert Schumann,2UqjDAXnDxejEyE0CzfUrZ,"Kinderszenen, Op. 15: 1. Von fremden Ländern und Menschen",4pfkZUqRCYG5If39QHFpbQ,52,https://api.spotify.com/v1/tracks/4pfkZUqRCYG5If39QHFpbQ
Robert Schumann,2UqjDAXnDxejEyE0CzfUrZ,"5 Stücke im Volkston, Op. 102: II. Langsam",1SkOyiUembPDeyEvFy1p0c,51,https://api.spotify.com/v1/tracks/1SkOyiUembPDeyEvFy1p0c
Robert Schumann,2UqjDAXnDxejEyE0CzfUrZ,"Kinderszenen, Op. 15: 7. Träumerei",7rrDSYbroZhV6aKkbYxiuG,51,https://api.spotify.com/v1/tracks/7rrDSYbroZhV6aKkbYxiuG
Robert Schumann,2UqjDAXnDxejEyE0CzfUrZ,"Kinderszenen, Op. 15: 7. Träumerei",4SbAXtlOJ0eCL0XwFVi0Ij,51,https://api.spotify.com/v1/tracks/4SbAXtlOJ0eCL0XwFVi0Ij
Robert Schumann,2UqjDAXnDxejEyE0CzfUrZ,"Kinderszenen, Op. 15: No. 10 Fast zu ernst",4x6N6LIKIiab4gV4cdbtPZ,51,https://api.spotify.com/v1/tracks/4x6N6LIKIiab4gV4cdbtPZ
Masiwei,0fyaEHmSmZs2YWMgbruITA,Crush On You (feat. step.jad),7Et5YO6MFDDC5XEcwr0nmF,45,https://api.spotify.com/v1/tracks/7Et5YO6MFDDC5XEcwr0nmF
Masiwei,0fyaEHmSmZs2YWMgbruITA,Flow Guilty,3zemDQh2rewuC7FBsnmFa4,41,https://api.spotify.com/v1/tracks/3zemDQh2rewuC7FBsnmFa4
Masiwei,0fyaEHmSmZs2YWMgbruITA,Coco Elva Tia,5iC7FWLjwoQkiLrB2ogP3S,38,https://api.spotify.com/v1/tracks/5iC7FWLjwoQkiLrB2ogP3S
Masiwei,0fyaEHmSmZs2YWMgbruITA,Amsterdam (feat. KnowKnow),0dcu0aHSFqG0AZqXBOoS3A,38,https://api.spotify.com/v1/tracks/0dcu0aHSFqG0AZqXBOoS3A
Masiwei,0fyaEHmSmZs2YWMgbruITA,Prince Charming,7Hp29LdH3DaCi9dr6nV2SY,38,https://api.spotify.com/v1/tracks/7Hp29LdH3DaCi9dr6nV2SY
Masiwei,0fyaEHmSmZs2YWMgbruITA,欺骗游戏,56ch3HiQ8wrxelRBG0J8nx,35,https://api.spotify.com/v1/tracks/56ch3HiQ8wrxelRBG0J8nx
Masiwei,0fyaEHmSmZs2YWMgbruITA,22’ Freestyle,4hcmFGK2xwPmYVUeZoHvfD,35,https://api.spotify.com/v1/tracks/4hcmFGK2xwPmYVUeZoHvfD
Masiwei,0fyaEHmSmZs2YWMgbruITA,Different Flow,33GpgThxG1t0JvmD8vOTs3,34,https://api.spotify.com/v1/tracks/33GpgThxG1t0JvmD8vOTs3
Bow Wow,7352aRY2mqSxBZwzUb6LmA,Like You (feat. Ciara),3jEqrIfwKO0M8ALu3TGilF,66,https://api.spotify.com/v1/tracks/3jEqrIfwKO0M8ALu3TGilF
Bow Wow,7352aRY2mqSxBZwzUb6LmA,Ain't Thinkin' 'Bout You,4GtvQ52U6f9LGkwjAqL60e,64,https://api.spotify.com/v1/tracks/4GtvQ52U6f9LGkwjAqL60e
Bow Wow,7352aRY2mqSxBZwzUb6LmA,Shortie Like Mine (feat. Chris Brown & Johntá Austin),6oUGAx0vkBcnGzYkvw0ZsA,63,https://api.spotify.com/v1/tracks/6oUGAx0vkBcnGzYkvw0ZsA
Bow Wow,7352aRY2mqSxBZwzUb6LmA,Let Me Hold You (feat. Omarion),1oNToERLIN71YCPLbRIQGQ,63,https://api.spotify.com/v1/tracks/1oNToERLIN71YCPLbRIQGQ
Bow Wow,7352aRY2mqSxBZwzUb6LmA,Outta My System (feat. T-Pain & Johntá Austin),3LGeYNY9aWQuBJovOOowqm,57,https://api.spotify.com/v1/tracks/3LGeYNY9aWQuBJovOOowqm
Bow Wow,7352aRY2mqSxBZwzUb6LmA,"Basketball (feat. Jermaine Dupri, Fabolous & Fundisha)",2SrXt0JJEX9PfVSZuJ6dqg,50,https://api.spotify.com/v1/tracks/2SrXt0JJEX9PfVSZuJ6dqg
Bow Wow,7352aRY2mqSxBZwzUb6LmA,You Can Get It All (feat. Johntá Austin) - Album Crossfade Version,2zcjGIvtu2EKBNquStm1pp,50,https://api.spotify.com/v1/tracks/2zcjGIvtu2EKBNquStm1pp
Bow Wow,7352aRY2mqSxBZwzUb6LmA,Bow Wow (That's My Name) (feat. Snoop Dogg),3RnLEACttdwU6futFsaflI,50,https://api.spotify.com/v1/tracks/3RnLEACttdwU6futFsaflI
Bow Wow,7352aRY2mqSxBZwzUb6LmA,Fresh Azimiz (feat. J-Kwon & Jermaine Dupri),5ZOfHnTDRa9NHCdscBILvn,48,https://api.spotify.com/v1/tracks/5ZOfHnTDRa9NHCdscBILvn
Hope Tala,74CcYmmNeHKe5PrZaISk8e,All My Girls Like To Fight,6rCuplMDiFQVSca77OQocz,56,https://api.spotify.com/v1/tracks/6rCuplMDiFQVSca77OQocz
Hope Tala,74CcYmmNeHKe5PrZaISk8e,Tiptoeing,3ZptYblxFPhvIJ0RRRozk9,56,https://api.spotify.com/v1/tracks/3ZptYblxFPhvIJ0RRRozk9
Hope Tala,74CcYmmNeHKe5PrZaISk8e,Cherries,13z7RLPmgupzRwQY9NiTZU,55,https://api.spotify.com/v1/tracks/13z7RLPmgupzRwQY9NiTZU
Hope Tala,74CcYmmNeHKe5PrZaISk8e,Lovestained,4cTPtlhSo6NDdOe1fXzx1N,53,https://api.spotify.com/v1/tracks/4cTPtlhSo6NDdOe1fXzx1N
Hope Tala,74CcYmmNeHKe5PrZaISk8e,Easy To Love Me,4nReGzidxUxHUZyJSevbsS,53,https://api.spotify.com/v1/tracks/4nReGzidxUxHUZyJSevbsS
Hope Tala,74CcYmmNeHKe5PrZaISk8e,Crazy,4P5tPq60W4LLYcoXLgWlYx,52,https://api.spotify.com/v1/tracks/4P5tPq60W4LLYcoXLgWlYx
Hope Tala,74CcYmmNeHKe5PrZaISk8e,Mulholland,4uvsFVpFwARxx5lEfcpPmM,51,https://api.spotify.com/v1/tracks/4uvsFVpFwARxx5lEfcpPmM
Hope Tala,74CcYmmNeHKe5PrZaISk8e,Is It Enough,5CiwHSUDf9C1Uv0r4nUVLd,50,https://api.spotify.com/v1/tracks/5CiwHSUDf9C1Uv0r4nUVLd
Hope Tala,74CcYmmNeHKe5PrZaISk8e,Valentine,4JoDBcODOajOx3ZRQlSa7o,48,https://api.spotify.com/v1/tracks/4JoDBcODOajOx3ZRQlSa7o
Ronghao Li,0rTP0x4vRFSDbhtqcCqc8K,年少有為,6XY80Ofqd8j0SGiEdRLwCp,60,https://api.spotify.com/v1/tracks/6XY80Ofqd8j0SGiEdRLwCp
Ronghao Li,0rTP0x4vRFSDbhtqcCqc8K,對等關係 (feat. 張惠妹),4PMakIBWXujbe2MIsuZtOc,58,https://api.spotify.com/v1/tracks/4PMakIBWXujbe2MIsuZtOc
Ronghao Li,0rTP0x4vRFSDbhtqcCqc8K,"不將就 (電影""何以笙簫默""片尾曲)",5DH8nF7aWoXXg5Sm3gjCWD,56,https://api.spotify.com/v1/tracks/5DH8nF7aWoXXg5Sm3gjCWD
Ronghao Li,0rTP0x4vRFSDbhtqcCqc8K,戒菸,65KjitGykI5QIcsYrNhPZR,56,https://api.spotify.com/v1/tracks/65KjitGykI5QIcsYrNhPZR
Ronghao Li,0rTP0x4vRFSDbhtqcCqc8K,李白,1jcW6AjFWRyfnTXwLlMMlJ,52,https://api.spotify.com/v1/tracks/1jcW6AjFWRyfnTXwLlMMlJ
Ronghao Li,0rTP0x4vRFSDbhtqcCqc8K,獲獎人,5s8u5uW7zXvWfes7xh0Gr8,51,https://api.spotify.com/v1/tracks/5s8u5uW7zXvWfes7xh0Gr8
Ronghao Li,0rTP0x4vRFSDbhtqcCqc8K,爸爸媽媽,0w4Sf61CbM69gDD7RVmaBD,50,https://api.spotify.com/v1/tracks/0w4Sf61CbM69gDD7RVmaBD
Ronghao Li,0rTP0x4vRFSDbhtqcCqc8K,模特,3WiPLRpAhceu2Ssjd3WtTx,50,https://api.spotify.com/v1/tracks/3WiPLRpAhceu2Ssjd3WtTx
Ronghao Li,0rTP0x4vRFSDbhtqcCqc8K,脫胎換骨,3KMozKCYJDSNJ53paNEIXk,49,https://api.spotify.com/v1/tracks/3KMozKCYJDSNJ53paNEIXk
deulrejang,1jdSKlrCsJ5qLsT7YuOiwM,I don't know,2tjh87mXDZJJIKLOpqH97T,40,https://api.spotify.com/v1/tracks/2tjh87mXDZJJIKLOpqH97T
deulrejang,1jdSKlrCsJ5qLsT7YuOiwM,Mindless,7wKSQwBzevrfI4nsSNGnuM,34,https://api.spotify.com/v1/tracks/7wKSQwBzevrfI4nsSNGnuM
deulrejang,1jdSKlrCsJ5qLsT7YuOiwM,We were beautiful,3mJwxIe4I6V9Df1K0jtj9f,25,https://api.spotify.com/v1/tracks/3mJwxIe4I6V9Df1K0jtj9f
deulrejang,1jdSKlrCsJ5qLsT7YuOiwM,Potential,6Lrp4HqonE16Tt8PDeOHbY,24,https://api.spotify.com/v1/tracks/6Lrp4HqonE16Tt8PDeOHbY
deulrejang,1jdSKlrCsJ5qLsT7YuOiwM,I wanna be loved (Feat. Lee Jin Ah),2l50cXc43YkybbWCLnb6Ng,22,https://api.spotify.com/v1/tracks/2l50cXc43YkybbWCLnb6Ng
deulrejang,1jdSKlrCsJ5qLsT7YuOiwM,I wanna love you,0bu4NLSuoYIpTcIvwNYPmz,21,https://api.spotify.com/v1/tracks/0bu4NLSuoYIpTcIvwNYPmz
deulrejang,1jdSKlrCsJ5qLsT7YuOiwM,"For you (feat. HEN, Challanhee)",6YJY6jQaRzCPagxyh9Xk5X,19,https://api.spotify.com/v1/tracks/6YJY6jQaRzCPagxyh9Xk5X
deulrejang,1jdSKlrCsJ5qLsT7YuOiwM,For my family - Inst.,4MZsOR6OHe9vXtAkNM4oaa,18,https://api.spotify.com/v1/tracks/4MZsOR6OHe9vXtAkNM4oaa
deulrejang,1jdSKlrCsJ5qLsT7YuOiwM,For my family,1FdqYUmL94pC7JHkAM4gWS,15,https://api.spotify.com/v1/tracks/1FdqYUmL94pC7JHkAM4gWS
King Gnu,6wxfx1yhyqjCPYwwxJktR2,一途,7ncPjJBktLEOpstY5JOUMK,73,https://api.spotify.com/v1/tracks/7ncPjJBktLEOpstY5JOUMK
King Gnu,6wxfx1yhyqjCPYwwxJktR2,逆夢,6ZiEWet0uFRwWBCEKCQ8rY,73,https://api.spotify.com/v1/tracks/6ZiEWet0uFRwWBCEKCQ8rY
King Gnu,6wxfx1yhyqjCPYwwxJktR2,雨燦々,34PR0zLBVl7VMF9E7dDwdo,73,https://api.spotify.com/v1/tracks/34PR0zLBVl7VMF9E7dDwdo
King Gnu,6wxfx1yhyqjCPYwwxJktR2,カメレオン,0J0P8iSE6l3pYHbUdNFYdS,72,https://api.spotify.com/v1/tracks/0J0P8iSE6l3pYHbUdNFYdS
King Gnu,6wxfx1yhyqjCPYwwxJktR2,白日,172fMG26G2OoEzzg0wn26r,66,https://api.spotify.com/v1/tracks/172fMG26G2OoEzzg0wn26r
King Gnu,6wxfx1yhyqjCPYwwxJktR2,BOY,3oQaOjaIYPsnJbGNzXcIID,65,https://api.spotify.com/v1/tracks/3oQaOjaIYPsnJbGNzXcIID
King Gnu,6wxfx1yhyqjCPYwwxJktR2,Prayer X,0r2PAeROizyyoFMpu0fvwI,61,https://api.spotify.com/v1/tracks/0r2PAeROizyyoFMpu0fvwI
King Gnu,6wxfx1yhyqjCPYwwxJktR2,飛行艇,5vsM9UppL2iTgOfenMB6Gz,60,https://api.spotify.com/v1/tracks/5vsM9UppL2iTgOfenMB6Gz
King Gnu,6wxfx1yhyqjCPYwwxJktR2,Teenager Forever,7wnOPAiqvIG4dTvEInj0YT,59,https://api.spotify.com/v1/tracks/7wnOPAiqvIG4dTvEInj0YT
许钧,3kU8TgZ3WouCr0GDkYnPbN,美梦公司,5rWdsfGQLrBoJZ3reBNX91,32,https://api.spotify.com/v1/tracks/5rWdsfGQLrBoJZ3reBNX91
许钧,3kU8TgZ3WouCr0GDkYnPbN,问题,7LmaHiE3xzKS4VdPYD5xyE,26,https://api.spotify.com/v1/tracks/7LmaHiE3xzKS4VdPYD5xyE
许钧,3kU8TgZ3WouCr0GDkYnPbN,烂情,5MDwe8eee44VDwjjKRgV9T,20,https://api.spotify.com/v1/tracks/5MDwe8eee44VDwjjKRgV9T
许钧,3kU8TgZ3WouCr0GDkYnPbN,形容你,42niFnw89PAr83wCWxSvOi,16,https://api.spotify.com/v1/tracks/42niFnw89PAr83wCWxSvOi
许钧,3kU8TgZ3WouCr0GDkYnPbN,如果太阳落下,5kgDRruR6WtLc7M86paumN,16,https://api.spotify.com/v1/tracks/5kgDRruR6WtLc7M86paumN
许钧,3kU8TgZ3WouCr0GDkYnPbN,方法论,15lvoKIM83y7mwQoTgsfpS,15,https://api.spotify.com/v1/tracks/15lvoKIM83y7mwQoTgsfpS
许钧,3kU8TgZ3WouCr0GDkYnPbN,"杭州,利群,你",4INIbT3tJ6HErLaJ2SXGvn,15,https://api.spotify.com/v1/tracks/4INIbT3tJ6HErLaJ2SXGvn
许钧,3kU8TgZ3WouCr0GDkYnPbN,只有一个办法,53vkVQdFOWnKjNavGiIQze,13,https://api.spotify.com/v1/tracks/53vkVQdFOWnKjNavGiIQze
The F16s,5PVlXEAvlt6SfYpWBYTM4C,Moon Child,5Y4vRBs4QCUloQ5W9Wb58j,47,https://api.spotify.com/v1/tracks/5Y4vRBs4QCUloQ5W9Wb58j
The F16s,5PVlXEAvlt6SfYpWBYTM4C,Sucks to Be Human,6z0GP8AOTDIShCXUOw1E3Y,35,https://api.spotify.com/v1/tracks/6z0GP8AOTDIShCXUOw1E3Y
The F16s,5PVlXEAvlt6SfYpWBYTM4C,Amber,62bHWlIlUW6fbwBO29h64H,34,https://api.spotify.com/v1/tracks/62bHWlIlUW6fbwBO29h64H
The F16s,5PVlXEAvlt6SfYpWBYTM4C,WKND FRNDS,4LhwCjtntflNklQPJsOL9G,34,https://api.spotify.com/v1/tracks/4LhwCjtntflNklQPJsOL9G
The F16s,5PVlXEAvlt6SfYpWBYTM4C,Jacuzzi,358CD7rg52DY2u4DoYA0Db,32,https://api.spotify.com/v1/tracks/358CD7rg52DY2u4DoYA0Db
The F16s,5PVlXEAvlt6SfYpWBYTM4C,Trouble in Paradise,5ubnEmiVtiHc2bBBTlYzFb,27,https://api.spotify.com/v1/tracks/5ubnEmiVtiHc2bBBTlYzFb
The F16s,5PVlXEAvlt6SfYpWBYTM4C,Summer in My Lungs,3SNAA1yO3M14D3tdlKI1hR,25,https://api.spotify.com/v1/tracks/3SNAA1yO3M14D3tdlKI1hR
The F16s,5PVlXEAvlt6SfYpWBYTM4C,Easy Bake Easy Wake,37jlSwK5rjIOTvkzAeV21B,24,https://api.spotify.com/v1/tracks/37jlSwK5rjIOTvkzAeV21B
The F16s,5PVlXEAvlt6SfYpWBYTM4C,Boudoir,4rojlzMmY3HlC63dwsKQ0y,23,https://api.spotify.com/v1/tracks/4rojlzMmY3HlC63dwsKQ0y
ARAI,1eDyy2XYcoDiJpzCEIR7bd,Skip,34JSoBH46szwveT1KsPDvA,40,https://api.spotify.com/v1/tracks/34JSoBH46szwveT1KsPDvA
ARAI,1eDyy2XYcoDiJpzCEIR7bd,Featuring Uzuhan,4jfEgzf3Oulw0AxeiIQghH,36,https://api.spotify.com/v1/tracks/4jfEgzf3Oulw0AxeiIQghH
ARAI,1eDyy2XYcoDiJpzCEIR7bd,The Overthinker,1iHccThUXUeBl16OuxOrwr,13,https://api.spotify.com/v1/tracks/1iHccThUXUeBl16OuxOrwr
ARAI,1eDyy2XYcoDiJpzCEIR7bd,100 & Lonely,5v78y5tNIDoyjsKvDIJWXf,11,https://api.spotify.com/v1/tracks/5v78y5tNIDoyjsKvDIJWXf
ARAI,1eDyy2XYcoDiJpzCEIR7bd,Say It Now,5BjTLbB0gVDs8zMH9idX3z,9,https://api.spotify.com/v1/tracks/5BjTLbB0gVDs8zMH9idX3z
ARAI,1eDyy2XYcoDiJpzCEIR7bd,Pink Palms,2BLY1hOyCKyoEFstwr7xVk,9,https://api.spotify.com/v1/tracks/2BLY1hOyCKyoEFstwr7xVk
ARAI,1eDyy2XYcoDiJpzCEIR7bd,City Lights,6fn1APEwH2ylooWHnaCmCr,7,https://api.spotify.com/v1/tracks/6fn1APEwH2ylooWHnaCmCr
ARAI,1eDyy2XYcoDiJpzCEIR7bd,Used To It,3sDm3PGMri6aboRavIDinq,7,https://api.spotify.com/v1/tracks/3sDm3PGMri6aboRavIDinq
DJ Khaled,0QHgL1lAIqAw0HtD7YldmP,STAYING ALIVE (feat. Drake & Lil Baby),0g2Bbgy7P41pFjMWJuzsf4,87,https://api.spotify.com/v1/tracks/0g2Bbgy7P41pFjMWJuzsf4
DJ Khaled,0QHgL1lAIqAw0HtD7YldmP,EVERY CHANCE I GET (feat. Lil Baby & Lil Durk),1EJIcDYXwSqipW5dFe4uJz,76,https://api.spotify.com/v1/tracks/1EJIcDYXwSqipW5dFe4uJz
DJ Khaled,0QHgL1lAIqAw0HtD7YldmP,POPSTAR (feat. Drake),1sbEeUY8KsdvgiQi26JBFz,68,https://api.spotify.com/v1/tracks/1sbEeUY8KsdvgiQi26JBFz
DJ Khaled,0QHgL1lAIqAw0HtD7YldmP,GREECE (feat. Drake),3gruCKVuhCsRjs3a3dG8CA,68,https://api.spotify.com/v1/tracks/3gruCKVuhCsRjs3a3dG8CA
DJ Khaled,0QHgL1lAIqAw0HtD7YldmP,Wild Thoughts (feat. Rihanna & Bryson Tiller),1OAh8uOEOvTDqkKFsKksCi,73,https://api.spotify.com/v1/tracks/1OAh8uOEOvTDqkKFsKksCi
DJ Khaled,0QHgL1lAIqAw0HtD7YldmP,"I'm the One (feat. Justin Bieber, Quavo, Chance the Rapper & Lil Wayne)",3DXncPQOG4VBw3QHh3S817,72,https://api.spotify.com/v1/tracks/3DXncPQOG4VBw3QHh3S817
DJ Khaled,0QHgL1lAIqAw0HtD7YldmP,"I DID IT (feat. Post Malone, Megan Thee Stallion, Lil Baby & DaBaby)",20GrahbI4AzAOWxpYfDKkf,69,https://api.spotify.com/v1/tracks/20GrahbI4AzAOWxpYfDKkf
WizKid,3tVQdUvClmAT7URs9V3rsp,Essence (feat. Tems),5FG7Tl93LdH117jEKYl3Cm,74,https://api.spotify.com/v1/tracks/5FG7Tl93LdH117jEKYl3Cm
WizKid,3tVQdUvClmAT7URs9V3rsp,Essence (feat. Justin Bieber & Tems),1MZtr7IH5qtjIkqrXj8WOJ,64,https://api.spotify.com/v1/tracks/1MZtr7IH5qtjIkqrXj8WOJ
WizKid,3tVQdUvClmAT7URs9V3rsp,Mood (feat. Buju),6jdTkoEaer7XNGSblczoSu,68,https://api.spotify.com/v1/tracks/6jdTkoEaer7XNGSblczoSu
WizKid,3tVQdUvClmAT7URs9V3rsp,Ginger (feat. Burna Boy),51mLQ3w7yR7vjdSTFLWaY5,67,https://api.spotify.com/v1/tracks/51mLQ3w7yR7vjdSTFLWaY5
WizKid,3tVQdUvClmAT7URs9V3rsp,Joro,3Yt1ovsh3v3VEzRuhI1TL5,66,https://api.spotify.com/v1/tracks/3Yt1ovsh3v3VEzRuhI1TL5
Teddy Adhitya,7dOswEYzOtTMECumrZ3NHY,Just You,6L68DyIsn6SqEN9rStOXb9,66,https://api.spotify.com/v1/tracks/6L68DyIsn6SqEN9rStOXb9
Teddy Adhitya,7dOswEYzOtTMECumrZ3NHY,Langit Favoritku,22erAHtusIHAIuIMhHMKhR,59,https://api.spotify.com/v1/tracks/22erAHtusIHAIuIMhHMKhR
Teddy Adhitya,7dOswEYzOtTMECumrZ3NHY,Why Would I Be,0PZdciSUErxre3yK8gxxeQ,58,https://api.spotify.com/v1/tracks/0PZdciSUErxre3yK8gxxeQ
Teddy Adhitya,7dOswEYzOtTMECumrZ3NHY,In Your Wonderland,6w0O9gshUWmVPGG4w0tr4B,55,https://api.spotify.com/v1/tracks/6w0O9gshUWmVPGG4w0tr4B
Teddy Adhitya,7dOswEYzOtTMECumrZ3NHY,Masa Depan,6ZWRvS1VpmqA2ap3bMI4dY,49,https://api.spotify.com/v1/tracks/6ZWRvS1VpmqA2ap3bMI4dY
Teddy Adhitya,7dOswEYzOtTMECumrZ3NHY,Let Me,7DbcYoZyhsud6xwjcAvCKg,45,https://api.spotify.com/v1/tracks/7DbcYoZyhsud6xwjcAvCKg
Teddy Adhitya,7dOswEYzOtTMECumrZ3NHY,2 am,2iAwqZBu2HT6kVwvg6mjY7,44,https://api.spotify.com/v1/tracks/2iAwqZBu2HT6kVwvg6mjY7
Teddy Adhitya,7dOswEYzOtTMECumrZ3NHY,Everything Is Everything,0HzxeEDKusQM9YaH2fzFfS,41,https://api.spotify.com/v1/tracks/0HzxeEDKusQM9YaH2fzFfS
Teddy Adhitya,7dOswEYzOtTMECumrZ3NHY,"Thinking, Thinking",6YRNS9NPoWp03NWAnUjyx5,41,https://api.spotify.com/v1/tracks/6YRNS9NPoWp03NWAnUjyx5
bbno$,41X1TR6hrK8Q2ZCpp2EqCz,edamame (feat. Rich Brian),5rW7qTn83sCKtqBoneJs63,70,https://api.spotify.com/v1/tracks/5rW7qTn83sCKtqBoneJs63
Y2K,6USMTwO0MNDnKte5a5h0xx,Lalala,51Fjme0JiitpyXKuyQiCDo,75,https://api.spotify.com/v1/tracks/51Fjme0JiitpyXKuyQiCDo
bbno$,41X1TR6hrK8Q2ZCpp2EqCz,pogo,404b6bC4GIxPsNssJmfC1f,69,https://api.spotify.com/v1/tracks/404b6bC4GIxPsNssJmfC1f
bbno$,41X1TR6hrK8Q2ZCpp2EqCz,help herself,4YMc3A256xFBS0xcT77Qce,69,https://api.spotify.com/v1/tracks/4YMc3A256xFBS0xcT77Qce
bbno$,41X1TR6hrK8Q2ZCpp2EqCz,edamame (feat. Rich Brian) - Diplo Remix,1fvEC5ksBfgjGWVNP9eJ2t,64,https://api.spotify.com/v1/tracks/1fvEC5ksBfgjGWVNP9eJ2t
bbno$,41X1TR6hrK8Q2ZCpp2EqCz,piccolo,0b7C1NzdU4gz5CaNzBtuuk,38,https://api.spotify.com/v1/tracks/0b7C1NzdU4gz5CaNzBtuuk
bbno$,41X1TR6hrK8Q2ZCpp2EqCz,mathematics,0mQfkI8dXCAX9rBCBhzWjX,37,https://api.spotify.com/v1/tracks/0mQfkI8dXCAX9rBCBhzWjX
MIYAVI,7sBtBCNVRujQhaHDODkfTN,Snakes (from the series Arcane League of Legends),7LmyUD78mtwBDzgVV4P5F4,57,https://api.spotify.com/v1/tracks/7LmyUD78mtwBDzgVV4P5F4
MIYAVI,7sBtBCNVRujQhaHDODkfTN,Flashback,1ylnqO4n7fgBRYz8AD6tdH,62,https://api.spotify.com/v1/tracks/1ylnqO4n7fgBRYz8AD6tdH
MIYAVI,7sBtBCNVRujQhaHDODkfTN,I’m So,6fHs0oTEL87savGV1pLRmh,47,https://api.spotify.com/v1/tracks/6fHs0oTEL87savGV1pLRmh
MIYAVI,7sBtBCNVRujQhaHDODkfTN,Other Side,2F0ZhkffMue5pjIONJHQaE,46,https://api.spotify.com/v1/tracks/2F0ZhkffMue5pjIONJHQaE
MIYAVI,7sBtBCNVRujQhaHDODkfTN,Samurai 45,74gbCJ5ZvyYAjUA3PeshnR,46,https://api.spotify.com/v1/tracks/74gbCJ5ZvyYAjUA3PeshnR
MIYAVI,7sBtBCNVRujQhaHDODkfTN,Butterfly,717nOPOJMMqGoX9fXRrf8F,45,https://api.spotify.com/v1/tracks/717nOPOJMMqGoX9fXRrf8F
MIYAVI,7sBtBCNVRujQhaHDODkfTN,Futurism,0JsP5I1JItAZYlOfCXnaax,41,https://api.spotify.com/v1/tracks/0JsP5I1JItAZYlOfCXnaax
MIYAVI,7sBtBCNVRujQhaHDODkfTN,Knock Me Out,3ZKWAGpEG2UGvjzoNgJEPq,40,https://api.spotify.com/v1/tracks/3ZKWAGpEG2UGvjzoNgJEPq
MIYAVI,7sBtBCNVRujQhaHDODkfTN,Dancing With My Fingers,2UridQMaNX3mi7aK1es3MT,40,https://api.spotify.com/v1/tracks/2UridQMaNX3mi7aK1es3MT
Y2K,6USMTwO0MNDnKte5a5h0xx,Lalala - Ilkan Gunuc Remix,1D9kLvE4SBX6EOG8uJa7Vy,58,https://api.spotify.com/v1/tracks/1D9kLvE4SBX6EOG8uJa7Vy
Y2K,6USMTwO0MNDnKte5a5h0xx,"Go Dumb (feat. blackbear, The Kid LAROI and Bankrol Hayden)",64YAQSR4jfmtHeJudcQix2,57,https://api.spotify.com/v1/tracks/64YAQSR4jfmtHeJudcQix2
Y2K,6USMTwO0MNDnKte5a5h0xx,Lalala - Oliver Heldens Remix,2nA2F3JwEj3FoR9Pxgnkln,50,https://api.spotify.com/v1/tracks/2nA2F3JwEj3FoR9Pxgnkln
Y2K,6USMTwO0MNDnKte5a5h0xx,Wawawa,1bG6qffAzpyiqwZz4zytTt,49,https://api.spotify.com/v1/tracks/1bG6qffAzpyiqwZz4zytTt
Y2K,6USMTwO0MNDnKte5a5h0xx,Lalala - Remix - [feat. Enrique Iglesias & Carly Rae Jepsen],4XZIuf6EJw8HKOkRC9Jlj4,48,https://api.spotify.com/v1/tracks/4XZIuf6EJw8HKOkRC9Jlj4
Dougie MacLean,63gizE0cqalXVpwZdZHY47,Caledonia,7jEVW8o2CIfdgziEJXnii8,52,https://api.spotify.com/v1/tracks/7jEVW8o2CIfdgziEJXnii8
Dougie MacLean,63gizE0cqalXVpwZdZHY47,Auld Lang Syne,04xAywDDrvNZtUKdB7Smi3,39,https://api.spotify.com/v1/tracks/04xAywDDrvNZtUKdB7Smi3
Dougie MacLean,63gizE0cqalXVpwZdZHY47,Ready For The Storm,4QvbBR1e79IYf7323EVUdd,37,https://api.spotify.com/v1/tracks/4QvbBR1e79IYf7323EVUdd
Dougie MacLean,63gizE0cqalXVpwZdZHY47,The Gael,6R52Yp7q1bVX8rcezf7DbG,32,https://api.spotify.com/v1/tracks/6R52Yp7q1bVX8rcezf7DbG
Dougie MacLean,63gizE0cqalXVpwZdZHY47,The Gael Northwest,6JvB2zCQihiuxmM9J4G78J,32,https://api.spotify.com/v1/tracks/6JvB2zCQihiuxmM9J4G78J
Dougie MacLean,63gizE0cqalXVpwZdZHY47,Feel So Near,5Fh1EwAoK35gl4hrNyxnfB,30,https://api.spotify.com/v1/tracks/5Fh1EwAoK35gl4hrNyxnfB
Dougie MacLean,63gizE0cqalXVpwZdZHY47,Caledonia,30CdL7RNz2X5ile5Tqeedl,30,https://api.spotify.com/v1/tracks/30CdL7RNz2X5ile5Tqeedl
Dougie MacLean,63gizE0cqalXVpwZdZHY47,Bonnie Bessie Logan,062fNXDcHIEoH3GFn8hVQn,28,https://api.spotify.com/v1/tracks/062fNXDcHIEoH3GFn8hVQn
Dougie MacLean,63gizE0cqalXVpwZdZHY47,Wild & Windy Night,5v7xakRgbY6Rm4J1OYH5KS,25,https://api.spotify.com/v1/tracks/5v7xakRgbY6Rm4J1OYH5KS
Adam Fan,1E4g32yGNzPxk7GOhJBulj,I Don't Gotta Know,4bToS6CYQw8A9IDGPVmkjW,54,https://api.spotify.com/v1/tracks/4bToS6CYQw8A9IDGPVmkjW
Adam Fan,1E4g32yGNzPxk7GOhJBulj,Can't Slow Down,5EhqjLa40VgnMgMyJlfAZA,35,https://api.spotify.com/v1/tracks/5EhqjLa40VgnMgMyJlfAZA
Adam Fan,1E4g32yGNzPxk7GOhJBulj,秘密,2ts3FWArgdN0YkfafEJRBl,34,https://api.spotify.com/v1/tracks/2ts3FWArgdN0YkfafEJRBl
Adam Fan,1E4g32yGNzPxk7GOhJBulj,Relationship,0vEwmS84B8v3FX4S3talh6,30,https://api.spotify.com/v1/tracks/0vEwmS84B8v3FX4S3talh6
Adam Fan,1E4g32yGNzPxk7GOhJBulj,Born to Lose,0QX151rGhclBcVHAQRroRR,29,https://api.spotify.com/v1/tracks/0QX151rGhclBcVHAQRroRR
Adam Fan,1E4g32yGNzPxk7GOhJBulj,GTA(feat. 彈殼),2CfNX2Ybr1MSrDkxyNEafx,28,https://api.spotify.com/v1/tracks/2CfNX2Ybr1MSrDkxyNEafx
Adam Fan,1E4g32yGNzPxk7GOhJBulj,Missed Texts,6OUF3VfhA7MXPSbT04f4oz,26,https://api.spotify.com/v1/tracks/6OUF3VfhA7MXPSbT04f4oz
Adam Fan,1E4g32yGNzPxk7GOhJBulj,Dip Out,1K9XRyb0lA6rKM3c47FQIn,26,https://api.spotify.com/v1/tracks/1K9XRyb0lA6rKM3c47FQIn
Adam Fan,1E4g32yGNzPxk7GOhJBulj,困兽,1xbDitfPwUaP7y3QJ6pXja,25,https://api.spotify.com/v1/tracks/1xbDitfPwUaP7y3QJ6pXja
Nana Ou-Yang,22JbAaWA5Abf5esf6N4PHY,The Best For You,4WMCn6s4BZZPfQT3DJbB47,53,https://api.spotify.com/v1/tracks/4WMCn6s4BZZPfQT3DJbB47
Nana Ou-Yang,22JbAaWA5Abf5esf6N4PHY,To Be Happy,2wjsdBWRGQvsCENBap9s5X,46,https://api.spotify.com/v1/tracks/2wjsdBWRGQvsCENBap9s5X
Nana Ou-Yang,22JbAaWA5Abf5esf6N4PHY,Tell Me You Do Too,0AHMsDGvM7OFlMfkdDYRfe,42,https://api.spotify.com/v1/tracks/0AHMsDGvM7OFlMfkdDYRfe
Nana Ou-Yang,22JbAaWA5Abf5esf6N4PHY,Goodbye,51nuBfp8eP0djB3iMEjN7k,41,https://api.spotify.com/v1/tracks/51nuBfp8eP0djB3iMEjN7k
Nana Ou-Yang,22JbAaWA5Abf5esf6N4PHY,Bedtime Story,5RlxDgQrWlsB6wghTV1hoQ,40,https://api.spotify.com/v1/tracks/5RlxDgQrWlsB6wghTV1hoQ
Nana Ou-Yang,22JbAaWA5Abf5esf6N4PHY,Sorry,3rFvnc3Yo4Mp2M06MxpkNT,38,https://api.spotify.com/v1/tracks/3rFvnc3Yo4Mp2M06MxpkNT
Nana Ou-Yang,22JbAaWA5Abf5esf6N4PHY,樹洞,0d8nCCciOgdwxNeRQVoiLm,34,https://api.spotify.com/v1/tracks/0d8nCCciOgdwxNeRQVoiLm
Frank Ocean,2h93pZq0e7k5yf4dywlkpM,Lost,3GZD6HmiNUhxXYf8Gch723,84,https://api.spotify.com/v1/tracks/3GZD6HmiNUhxXYf8Gch723
Frank Ocean,2h93pZq0e7k5yf4dywlkpM,Pink + White,3xKsf9qdS1CyvXSMEid6g8,81,https://api.spotify.com/v1/tracks/3xKsf9qdS1CyvXSMEid6g8
Frank Ocean,2h93pZq0e7k5yf4dywlkpM,Ivy,2ZWlPOoWh0626oTaHrnl2a,79,https://api.spotify.com/v1/tracks/2ZWlPOoWh0626oTaHrnl2a
Frank Ocean,2h93pZq0e7k5yf4dywlkpM,Nights,7eqoqGkKwgOaWNNHx90uEZ,78,https://api.spotify.com/v1/tracks/7eqoqGkKwgOaWNNHx90uEZ
Frank Ocean,2h93pZq0e7k5yf4dywlkpM,Chanel,6Nle9hKrkL1wQpwNfEkxjh,78,https://api.spotify.com/v1/tracks/6Nle9hKrkL1wQpwNfEkxjh
Frank Ocean,2h93pZq0e7k5yf4dywlkpM,Novacane,4osgfFTICMkcGbbigdsa53,78,https://api.spotify.com/v1/tracks/4osgfFTICMkcGbbigdsa53
Frank Ocean,2h93pZq0e7k5yf4dywlkpM,Thinkin Bout You,7DfFc7a6Rwfi3YQMRbDMau,77,https://api.spotify.com/v1/tracks/7DfFc7a6Rwfi3YQMRbDMau
Frank Ocean,2h93pZq0e7k5yf4dywlkpM,White Ferrari,2LMkwUfqC6S6s6qDVlEuzV,77,https://api.spotify.com/v1/tracks/2LMkwUfqC6S6s6qDVlEuzV
Frank Ocean,2h93pZq0e7k5yf4dywlkpM,In My Room,4S4Mfvv03M1cHgIOJcbUCL,76,https://api.spotify.com/v1/tracks/4S4Mfvv03M1cHgIOJcbUCL
Amy Beach,1QeC5GwDENQv78O3PCLeZB,"By the Still Waters, Op. 114",3qLZnIVAiGexuNuG8Aptrq,57,https://api.spotify.com/v1/tracks/3qLZnIVAiGexuNuG8Aptrq
Amy Beach,1QeC5GwDENQv78O3PCLeZB,"Young Birches, Op. 128, No. 2",4VVEfBXep7FdOt524jkfLF,50,https://api.spotify.com/v1/tracks/4VVEfBXep7FdOt524jkfLF
Amy Beach,1QeC5GwDENQv78O3PCLeZB,"3 Compositions, Op. 40: No. 2, Berceuse",2fDLC30XLnXwVtASMgsD1b,49,https://api.spotify.com/v1/tracks/2fDLC30XLnXwVtASMgsD1b
Amy Beach,1QeC5GwDENQv78O3PCLeZB,"4 Sketches, Op. 15: No. 3. Dreaming (arr. for cello and piano)",3QI3LjBqsB4tuaDgR2jOyU,48,https://api.spotify.com/v1/tracks/3QI3LjBqsB4tuaDgR2jOyU
Amy Beach,1QeC5GwDENQv78O3PCLeZB,"Romance for Violin and Piano, Op. 23",2hHQb8EIlBNwALIVV3UUez,30,https://api.spotify.com/v1/tracks/2hHQb8EIlBNwALIVV3UUez
Amy Beach,1QeC5GwDENQv78O3PCLeZB,Romance Op. 23,0X4j0IqoVICreUoHuKblYA,27,https://api.spotify.com/v1/tracks/0X4j0IqoVICreUoHuKblYA
Amy Beach,1QeC5GwDENQv78O3PCLeZB,"4 Sketches, Op. 15: No. 4. Fireflies",3Of5Ow9zOuBo1cCQlMRtMp,27,https://api.spotify.com/v1/tracks/3Of5Ow9zOuBo1cCQlMRtMp
Amy Beach,1QeC5GwDENQv78O3PCLeZB,"Hermit Thrush, Op. 92: No. 2, A Hermit Thrush at Morn",4MzgWp3p63QxOrTe9HktQX,25,https://api.spotify.com/v1/tracks/4MzgWp3p63QxOrTe9HktQX
Amy Beach,1QeC5GwDENQv78O3PCLeZB,"Summer Dreams, Op. 47: No. 6, Good Night",0OTEqgbfNXssmkSnQhdcrK,23,https://api.spotify.com/v1/tracks/0OTEqgbfNXssmkSnQhdcrK
Fousheé,6trIghKwHRUyxwvm66HLHH,deep end,6w1JyXgv5epQCZoc2MW5X4,56,https://api.spotify.com/v1/tracks/6w1JyXgv5epQCZoc2MW5X4
Vince Staples,68kEuyFKyqrdQQLLsmiatm,TAKE ME HOME,3RXGbZhy0Hyur2mSVDlu51,53,https://api.spotify.com/v1/tracks/3RXGbZhy0Hyur2mSVDlu51
Fousheé,6trIghKwHRUyxwvm66HLHH,candy grapes (feat. Steve Lacy),4emJOvmhqWJAxpwB7c9JJw,53,https://api.spotify.com/v1/tracks/4emJOvmhqWJAxpwB7c9JJw
Fousheé,6trIghKwHRUyxwvm66HLHH,single af,3LcFNj04sHJson5SIrRPAe,48,https://api.spotify.com/v1/tracks/3LcFNj04sHJson5SIrRPAe
Fousheé,6trIghKwHRUyxwvm66HLHH,Deep End - Rompasso Remix,2SUhYLEWeiJsK5IX1UCa66,45,https://api.spotify.com/v1/tracks/2SUhYLEWeiJsK5IX1UCa66
Robert Prizeman,2G9gEEtYueq2WQqzfzWK0H,"Sanctus (based on 'Canon in D Major, P. 37' by Johann Pachelbel)",7nmjqAYgfw1oIuTaoT9w1Q,18,https://api.spotify.com/v1/tracks/7nmjqAYgfw1oIuTaoT9w1Q
CHUNG HA,2PSJ6YriU7JsFucxACpU7Y,Sparkling,34lKiKHCKhMe9PAfGcdFNE,57,https://api.spotify.com/v1/tracks/34lKiKHCKhMe9PAfGcdFNE
CHUNG HA,2PSJ6YriU7JsFucxACpU7Y,Killing Me,3QD0Y1tTngihByjdWC99lG,63,https://api.spotify.com/v1/tracks/3QD0Y1tTngihByjdWC99lG
CHUNG HA,2PSJ6YriU7JsFucxACpU7Y,Gotta Go,1exnDFdC34GyBcaLt9ZJfX,63,https://api.spotify.com/v1/tracks/1exnDFdC34GyBcaLt9ZJfX
CHUNG HA,2PSJ6YriU7JsFucxACpU7Y,Snapping,4IOxk5ep5ONrdlL0ZIy64v,61,https://api.spotify.com/v1/tracks/4IOxk5ep5ONrdlL0ZIy64v
CHUNG HA,2PSJ6YriU7JsFucxACpU7Y,Bicycle,7wDVvxMUdW5MtJUqFtuXUz,61,https://api.spotify.com/v1/tracks/7wDVvxMUdW5MtJUqFtuXUz
CHUNG HA,2PSJ6YriU7JsFucxACpU7Y,Dream of You (with R3HAB),1d8Arh7PushRWWJRs41rSa,61,https://api.spotify.com/v1/tracks/1d8Arh7PushRWWJRs41rSa
CHUNG HA,2PSJ6YriU7JsFucxACpU7Y,Roller Coaster,6DIW7GJbuGZdHolRcPWprP,60,https://api.spotify.com/v1/tracks/6DIW7GJbuGZdHolRcPWprP
CHUNG HA,2PSJ6YriU7JsFucxACpU7Y,PLAY (feat. Changmo),6UM5HKVVm1cjOQhUJB4Ft3,58,https://api.spotify.com/v1/tracks/6UM5HKVVm1cjOQhUJB4Ft3
CHUNG HA,2PSJ6YriU7JsFucxACpU7Y,Bad Boy,1WCOna34eEMPgjfOOZkGQc,57,https://api.spotify.com/v1/tracks/1WCOna34eEMPgjfOOZkGQc
Billie Eilish,6qqNVTkY8uBg9cP3Jd7DAH,Happier Than Ever,4RVwu0g32PAqgUiJoXsdF8,88,https://api.spotify.com/v1/tracks/4RVwu0g32PAqgUiJoXsdF8
Billie Eilish,6qqNVTkY8uBg9cP3Jd7DAH,lovely (with Khalid),0u2P5u6lvoDfwTYjAADbn4,87,https://api.spotify.com/v1/tracks/0u2P5u6lvoDfwTYjAADbn4
Billie Eilish,6qqNVTkY8uBg9cP3Jd7DAH,TV,3GYlZ7tbxLOxe6ewMNVTkw,86,https://api.spotify.com/v1/tracks/3GYlZ7tbxLOxe6ewMNVTkw
Billie Eilish,6qqNVTkY8uBg9cP3Jd7DAH,everything i wanted,3ZCTVFBt2Brf31RLEnCkWJ,84,https://api.spotify.com/v1/tracks/3ZCTVFBt2Brf31RLEnCkWJ
Billie Eilish,6qqNVTkY8uBg9cP3Jd7DAH,Bored,04sN26COy28wTXYj3dMoiZ,84,https://api.spotify.com/v1/tracks/04sN26COy28wTXYj3dMoiZ
Billie Eilish,6qqNVTkY8uBg9cP3Jd7DAH,bad guy,2Fxmhks0bxGSBdJ92vM42m,83,https://api.spotify.com/v1/tracks/2Fxmhks0bxGSBdJ92vM42m
Billie Eilish,6qqNVTkY8uBg9cP3Jd7DAH,The 30th,5SHpuW2qjkQtFRpE6P9Nks,83,https://api.spotify.com/v1/tracks/5SHpuW2qjkQtFRpE6P9Nks
Billie Eilish,6qqNVTkY8uBg9cP3Jd7DAH,when the party's over,43zdsphuZLzwA9k4DJhU0I,82,https://api.spotify.com/v1/tracks/43zdsphuZLzwA9k4DJhU0I
Billie Eilish,6qqNVTkY8uBg9cP3Jd7DAH,Happier Than Ever - Edit,32BeYxKPrig1LefHsC0Xuo,81,https://api.spotify.com/v1/tracks/32BeYxKPrig1LefHsC0Xuo
Jackson Wang,1kfWoWgCugPkyxQP8lkRlY,Cruel,0SxQz5uPZ5cAGWzj6MvzrX,68,https://api.spotify.com/v1/tracks/0SxQz5uPZ5cAGWzj6MvzrX
Jackson Wang,1kfWoWgCugPkyxQP8lkRlY,Blow,0QPPJN3d42PINVAyBPZTC3,68,https://api.spotify.com/v1/tracks/0QPPJN3d42PINVAyBPZTC3
Jackson Wang,1kfWoWgCugPkyxQP8lkRlY,LMLY,3Jbpo2slhW2bbVneiJnC9G,66,https://api.spotify.com/v1/tracks/3Jbpo2slhW2bbVneiJnC9G
88rising,1AhjOkOLkbHUfcHDSErXQs,I Love You 3000 II,3witRpHWHqArlnt6GTlH2Y,64,https://api.spotify.com/v1/tracks/3witRpHWHqArlnt6GTlH2Y
88rising,1AhjOkOLkbHUfcHDSErXQs,Walking (feat. Swae Lee & Major Lazer),1qbXrxctv75pm1lWCn6Zw3,63,https://api.spotify.com/v1/tracks/1qbXrxctv75pm1lWCn6Zw3
Jackson Wang,1kfWoWgCugPkyxQP8lkRlY,100 Ways,4mQMvcRtQou5yI8mjuJ1lf,63,https://api.spotify.com/v1/tracks/4mQMvcRtQou5yI8mjuJ1lf
Jackson Wang,1kfWoWgCugPkyxQP8lkRlY,Drive You Home,7uidJM7xBikobIitpHQKZ4,60,https://api.spotify.com/v1/tracks/7uidJM7xBikobIitpHQKZ4
Jackson Wang,1kfWoWgCugPkyxQP8lkRlY,Pretty Please,5Rse8If81NbzXL1ARjHOTB,59,https://api.spotify.com/v1/tracks/5Rse8If81NbzXL1ARjHOTB
Jackson Wang,1kfWoWgCugPkyxQP8lkRlY,TITANIC (feat. Rich Brian),6k6pPAqLxleqb3fbMtVjxe,55,https://api.spotify.com/v1/tracks/6k6pPAqLxleqb3fbMtVjxe
Clara Schumann,2yzaWNFV3cxmcRZtwtr5WC,"Schumann: 12 Gedichte aus Liebesfrühling, Op. 37: No. 11: Warum willst du andre fragen",1NechTDnTtSaciAT6gmvJQ,58,https://api.spotify.com/v1/tracks/1NechTDnTtSaciAT6gmvJQ
Clara Schumann,2yzaWNFV3cxmcRZtwtr5WC,"3 Romances, Op. 11: 1. Andante",6VLzm03YUeXVl3GdGyib6J,52,https://api.spotify.com/v1/tracks/6VLzm03YUeXVl3GdGyib6J
Clara Schumann,2yzaWNFV3cxmcRZtwtr5WC,"3 Preludes and Fugues, Op. 16: No. 2. Prelude and Fugue in B-Flat Major",1u7z1dbU39nz7LysjwU5uF,43,https://api.spotify.com/v1/tracks/1u7z1dbU39nz7LysjwU5uF
Clara Schumann,2yzaWNFV3cxmcRZtwtr5WC,"Three Romances, Op. 11: No. 1 in E-Flat Minor, Andante",2qHAN7YZvbMcCZeY96KBrf,40,https://api.spotify.com/v1/tracks/2qHAN7YZvbMcCZeY96KBrf
Clara Schumann,2yzaWNFV3cxmcRZtwtr5WC,"Three Romances for Violin and Piano, Op. 22: I. Andante molto",76Dnq6tk34o2Z4IqFA8aua,38,https://api.spotify.com/v1/tracks/76Dnq6tk34o2Z4IqFA8aua
Clara Schumann,2yzaWNFV3cxmcRZtwtr5WC,"Piano Concerto in A Minor, Op. 7: II. Romanze: Andante non troppo con grazia",3LNsyHdo8MWl4mqbkzAvKh,38,https://api.spotify.com/v1/tracks/3LNsyHdo8MWl4mqbkzAvKh
Clara Schumann,2yzaWNFV3cxmcRZtwtr5WC,"Piano Trio in G Minor, Op. 17: III. Andante - più animato",2objnIQ2PEB2PkmqtQLrLq,35,https://api.spotify.com/v1/tracks/2objnIQ2PEB2PkmqtQLrLq
Clara Schumann,2yzaWNFV3cxmcRZtwtr5WC,"Schumann, Clara: 3 Romances, Op. 11: No. 1 in E-Flat Minor",4KCVBAUv1dnscK8UTgIbv7,34,https://api.spotify.com/v1/tracks/4KCVBAUv1dnscK8UTgIbv7
Clara Schumann,2yzaWNFV3cxmcRZtwtr5WC,3 Romanzen für Violine und Klavier Op.22: 1. Andante molto,3mzyTGFLlcSPUpO47GkD96,13,https://api.spotify.com/v1/tracks/3mzyTGFLlcSPUpO47GkD96
88rising,1AhjOkOLkbHUfcHDSErXQs,The Weekend,5q3LwAHTqo9d3rET2EA9Nq,69,https://api.spotify.com/v1/tracks/5q3LwAHTqo9d3rET2EA9Nq
88rising,1AhjOkOLkbHUfcHDSErXQs,La La Lost You,5Htq8DDDN0Xce9MwqzAzui,67,https://api.spotify.com/v1/tracks/5Htq8DDDN0Xce9MwqzAzui
88rising,1AhjOkOLkbHUfcHDSErXQs,Best Lover,0iWFz0Q5Qha9bx325ocFWq,66,https://api.spotify.com/v1/tracks/0iWFz0Q5Qha9bx325ocFWq
88rising,1AhjOkOLkbHUfcHDSErXQs,California (feat. Warren Hue),3Qj2f7BrpJNGj3dbxKpOlp,64,https://api.spotify.com/v1/tracks/3Qj2f7BrpJNGj3dbxKpOlp
88rising,1AhjOkOLkbHUfcHDSErXQs,Head In The Clouds,3kYARoLSAvt86VFZ55BQcq,63,https://api.spotify.com/v1/tracks/3kYARoLSAvt86VFZ55BQcq
Vince Staples,68kEuyFKyqrdQQLLsmiatm,Norf Norf,4uQ7wYsuL0DryknoDc11Hk,64,https://api.spotify.com/v1/tracks/4uQ7wYsuL0DryknoDc11Hk
Vince Staples,68kEuyFKyqrdQQLLsmiatm,"Yo Love - From ""Queen & Slim: The Soundtrack""",3Vj8RQkFwOmDvUrwu6MtQZ,64,https://api.spotify.com/v1/tracks/3Vj8RQkFwOmDvUrwu6MtQZ
Vince Staples,68kEuyFKyqrdQQLLsmiatm,ARE YOU WITH THAT?,5OFEJMirg4NPz7G1zgXDYu,63,https://api.spotify.com/v1/tracks/5OFEJMirg4NPz7G1zgXDYu
Billie Eilish,6qqNVTkY8uBg9cP3Jd7DAH,&burn (with Vince Staples),7uX3gufAoBVqKVoD3dBLLD,62,https://api.spotify.com/v1/tracks/7uX3gufAoBVqKVoD3dBLLD
Vince Staples,68kEuyFKyqrdQQLLsmiatm,WHEN SPARKS FLY,1jhdCONafFj1hzJsPvZx27,62,https://api.spotify.com/v1/tracks/1jhdCONafFj1hzJsPvZx27
Vince Staples,68kEuyFKyqrdQQLLsmiatm,LEMONADE,5Z3mR4zAX4K3krt4JAOpmx,61,https://api.spotify.com/v1/tracks/5Z3mR4zAX4K3krt4JAOpmx
Vince Staples,68kEuyFKyqrdQQLLsmiatm,MAGIC,7jN5Abri3a1crehbnlWa1F,60,https://api.spotify.com/v1/tracks/7jN5Abri3a1crehbnlWa1F
Vince Staples,68kEuyFKyqrdQQLLsmiatm,Home,7pBsquIkbED6W6uSQJGbkn,59,https://api.spotify.com/v1/tracks/7pBsquIkbED6W6uSQJGbkn
Vince Staples,68kEuyFKyqrdQQLLsmiatm,ROSE STREET,1L8NADNWd56cZRnaxcxPPI,58,https://api.spotify.com/v1/tracks/1L8NADNWd56cZRnaxcxPPI
Marzz,21ZpqFOa1Viho0YiuEB8lG,Countless Times,4Dy5oXGqZZLzOumW6Jho7o,50,https://api.spotify.com/v1/tracks/4Dy5oXGqZZLzOumW6Jho7o
Marzz,21ZpqFOa1Viho0YiuEB8lG,KMS - A COLORS SHOW,24JuKCMs4ZabanWcmwqnUA,49,https://api.spotify.com/v1/tracks/24JuKCMs4ZabanWcmwqnUA
Marzz,21ZpqFOa1Viho0YiuEB8lG,KMS,6n4UqcXIyzKq7KP61I3fzc,46,https://api.spotify.com/v1/tracks/6n4UqcXIyzKq7KP61I3fzc
Marzz,21ZpqFOa1Viho0YiuEB8lG,Real Recognize Real,4Wjs2vzGsh5L88isQmLXYv,38,https://api.spotify.com/v1/tracks/4Wjs2vzGsh5L88isQmLXYv
Marzz,21ZpqFOa1Viho0YiuEB8lG,So Frequently,4DH2girSMyTIJaFrZdnJZL,38,https://api.spotify.com/v1/tracks/4DH2girSMyTIJaFrZdnJZL
Marzz,21ZpqFOa1Viho0YiuEB8lG,Feelin' Me,6E6R6NUu2zAExZiWvbzkOB,35,https://api.spotify.com/v1/tracks/6E6R6NUu2zAExZiWvbzkOB
Marzz,21ZpqFOa1Viho0YiuEB8lG,Love Letter,2SV5uVCLkf5g3BBfS4f2oo,35,https://api.spotify.com/v1/tracks/2SV5uVCLkf5g3BBfS4f2oo
Marzz,21ZpqFOa1Viho0YiuEB8lG,FYM,62Wm2jnqXMSyrrLxEvvuhZ,34,https://api.spotify.com/v1/tracks/62Wm2jnqXMSyrrLxEvvuhZ
Marzz,21ZpqFOa1Viho0YiuEB8lG,Rain Freestyle,4mekJeW39ewly8gINHucAw,32,https://api.spotify.com/v1/tracks/4mekJeW39ewly8gINHucAw
FINNEAS,37M5pPGs6V1fchFJSgCguX,Let's Fall in Love for the Night,3n5te2xbUAPjzAnhLgA42z,68,https://api.spotify.com/v1/tracks/3n5te2xbUAPjzAnhLgA42z
FINNEAS,37M5pPGs6V1fchFJSgCguX,Break My Heart Again,7gGBgh0bVxHPgZjA505bo9,70,https://api.spotify.com/v1/tracks/7gGBgh0bVxHPgZjA505bo9
FINNEAS,37M5pPGs6V1fchFJSgCguX,"Mona Lisa, Mona Lisa",252G7yirQ4pXj6ZD4T9R2W,66,https://api.spotify.com/v1/tracks/252G7yirQ4pXj6ZD4T9R2W
FINNEAS,37M5pPGs6V1fchFJSgCguX,I Lost a Friend,7yfGRLpyVn2qiyU9FR86Ww,64,https://api.spotify.com/v1/tracks/7yfGRLpyVn2qiyU9FR86Ww
FINNEAS,37M5pPGs6V1fchFJSgCguX,What They'll Say About Us,4W1gUkq2TAOOFCBet3i3WR,63,https://api.spotify.com/v1/tracks/4W1gUkq2TAOOFCBet3i3WR
FINNEAS,37M5pPGs6V1fchFJSgCguX,Naked,1aXWzWjj5Lchfm44Uet9nZ,63,https://api.spotify.com/v1/tracks/1aXWzWjj5Lchfm44Uet9nZ
FINNEAS,37M5pPGs6V1fchFJSgCguX,Love is Pain,2tJUcBxiQEYSCzC3BdIOk8,63,https://api.spotify.com/v1/tracks/2tJUcBxiQEYSCzC3BdIOk8
Rex Orange County,7pbDxGE6nQSZVfiFdq9lOL,THE SHADE,1gH1h30wkQdd9zhY3j7a8T,85,https://api.spotify.com/v1/tracks/1gH1h30wkQdd9zhY3j7a8T
Rex Orange County,7pbDxGE6nQSZVfiFdq9lOL,Pluto Projector,4EWBhKf1fOFnyMtUzACXEc,81,https://api.spotify.com/v1/tracks/4EWBhKf1fOFnyMtUzACXEc
Rex Orange County,7pbDxGE6nQSZVfiFdq9lOL,Best Friend,47Bg6IrMed1GPbxRgwH2aC,79,https://api.spotify.com/v1/tracks/47Bg6IrMed1GPbxRgwH2aC
Rex Orange County,7pbDxGE6nQSZVfiFdq9lOL,Television / So Far So Good,5OUTFH5acycdnf8OVo21Gv,78,https://api.spotify.com/v1/tracks/5OUTFH5acycdnf8OVo21Gv
Rex Orange County,7pbDxGE6nQSZVfiFdq9lOL,Sunflower,4EpZ4eYuZOwPSSwyqpdHnJ,77,https://api.spotify.com/v1/tracks/4EpZ4eYuZOwPSSwyqpdHnJ
Rex Orange County,7pbDxGE6nQSZVfiFdq9lOL,Loving Is Easy (feat. Benny Sings),5EYi2rH4LYs6M21ZLOyQTx,75,https://api.spotify.com/v1/tracks/5EYi2rH4LYs6M21ZLOyQTx
Rex Orange County,7pbDxGE6nQSZVfiFdq9lOL,THREAT,3mWUqIz228lrdC5ZSkpjUG,73,https://api.spotify.com/v1/tracks/3mWUqIz228lrdC5ZSkpjUG
Rex Orange County,7pbDxGE6nQSZVfiFdq9lOL,Happiness,2rXVtoLBHuXcNB5DVfIc9p,73,https://api.spotify.com/v1/tracks/2rXVtoLBHuXcNB5DVfIc9p
Rex Orange County,7pbDxGE6nQSZVfiFdq9lOL,AMAZING,3OM6qQmdFV6uy61GIqpRtf,72,https://api.spotify.com/v1/tracks/3OM6qQmdFV6uy61GIqpRtf
蛋堡 x 黃玠,4XZNROthOZV5k7sPAG3UTX,放個假,13WuxHOJdApCaWfACurQ0f,35,https://api.spotify.com/v1/tracks/13WuxHOJdApCaWfACurQ0f
蛋堡 x 黃玠,4XZNROthOZV5k7sPAG3UTX,少年維持著煩惱,5TsyxEIc5yBhGr8b9ZLcyW,27,https://api.spotify.com/v1/tracks/5TsyxEIc5yBhGr8b9ZLcyW
Jay Chou,2elBjNSdBE2Y3f0j1mjrql,還在流浪,35xilew5nalcetOeytaDFj,67,https://api.spotify.com/v1/tracks/35xilew5nalcetOeytaDFj
J.Sheon,4DEItwf281SHmTnS8q3Mn9,同個世界 - bilibili & Disney《正義的算法》片尾曲,0ouNy5wxZ1jXOPMwxi2Zbo,53,https://api.spotify.com/v1/tracks/0ouNy5wxZ1jXOPMwxi2Zbo
Ryan.B,78EWtfjj7daNa4FrTSPQsD,No Reason,7uwJwSKpmzZH7p7imm4f1P,55,https://api.spotify.com/v1/tracks/7uwJwSKpmzZH7p7imm4f1P
Kanye West,5K4W6rqBFWDnAN6FQUkS6x,Heartless,4ZMJshw6UOvaTWWThYtEoW,65,https://api.spotify.com/v1/tracks/4ZMJshw6UOvaTWWThYtEoW
Christoph Willibald Gluck,7vfydQ0nVBVgJ0ajs8EtRM,"Orfeo ed Euridice, Wq. 30 (Arranged by Sgambati): Melodie dell'Orfeo",24cgBBhZD1cWekUqaYuqTB,57,https://api.spotify.com/v1/tracks/24cgBBhZD1cWekUqaYuqTB
Jay Chou,2elBjNSdBE2Y3f0j1mjrql,最偉大的作品,26vo1FuxIs0rINePq3lOx8,65,https://api.spotify.com/v1/tracks/26vo1FuxIs0rINePq3lOx8
J.Sheon,4DEItwf281SHmTnS8q3Mn9,別問很可怕,3t7GX7UAoxFcvkWCDqEvLW,53,https://api.spotify.com/v1/tracks/3t7GX7UAoxFcvkWCDqEvLW
Ryan.B,78EWtfjj7daNa4FrTSPQsD,放個大招給你看 (OPPO Reno 宣傳曲),6LAHkI7op52Y4NoK2PGMlH,53,https://api.spotify.com/v1/tracks/6LAHkI7op52Y4NoK2PGMlH
Kanye West,5K4W6rqBFWDnAN6FQUkS6x,Bound 2,3sNVsP50132BTNlImLx70i,83,https://api.spotify.com/v1/tracks/3sNVsP50132BTNlImLx70i
Sam Smith,2wY79sveU1sp5g7SokKOiI,Lay Me Down,64GRDrL1efgXclrhVCeuA0,72,https://api.spotify.com/v1/tracks/64GRDrL1efgXclrhVCeuA0
BIBI,6UbmqUEgjLA6jAcXwbM1Z9,PADO,1PSDpiTgnkxHc7GhKrHCaA,55,https://api.spotify.com/v1/tracks/1PSDpiTgnkxHc7GhKrHCaA
